행정구역별,연령별,2011-01,2011-02,2011-03,2011-04,2011-05,2011-06,2011-07,2011-08,2011-09,2011-10,2011-11,2011-12,2012-01,2012-02,2012-03,2012-04,2012-05,2012-06,2012-07,2012-08,2012-09,2012-10,2012-11,2012-12,2013-01,2013-02,2013-03,2013-04,2013-05,2013-06,2013-07,2013-08,2013-09,2013-10,2013-11,2013-12,2014-01,2014-02,2014-03,2014-04,2014-05,2014-06,2014-07,2014-08,2014-09,2014-10,2014-11,2014-12,2015-01,2015-02,2015-03,2015-04,2015-05,2015-06,2015-07,2015-08,2015-09,2015-10,2015-11,2015-12,2016-01,2016-02,2016-03,2016-04,2016-05,2016-06,2016-07,2016-08,2016-09,2016-10,2016-11,2016-12,2017-01,2017-02,2017-03,2017-04,2017-05,2017-06,2017-07,2017-08,2017-09,2017-10,2017-11,2017-12,2018-01,2018-02,2018-03,2018-04,2018-05,2018-06,2018-07,2018-08,2018-09,2018-10,2018-11,2018-12,2019-01,2019-02,2019-03,2019-04,2019-05,2019-06,2019-07,2019-08,2019-09,2019-10,2019-11,2019-12,2020-01,2020-02,2020-03,2020-04,2020-05,2020-06,2020-07,2020-08,2020-09,2020-10,2020-11,2020-12,2021-01,2021-02,2021-03,2021-04,2021-05,2021-06,2021-07,2021-08,2021-09,2021-10,2021-11,2021-12,2022-01,2022-02,2022-03,2022-04,2022-05,2022-06,2022-07,2022-08,2022-09
경상남도,0세,30912,30937,31141,31367,31840,31998,31858,32111,31938,31455,31335,31469,31103,31247,31062,31010,31158,31149,31223,31321,31207,31748,31946,32098,31697,32046,31398,30956,30780,30421,30132,29704,29259,28996,28613,28797,28121,28281,28390,28477,28603,28742,28771,28687,28801,28954,28798,29023,28606,28391,28536,28504,28631,28725,28684,28511,28251,28391,28571,28811,28263,28344,28098,27832,27864,27616,27210,27337,27138,26753,26563,26483,25979,25807,25358,24961,24815,24654,24339,24233,23849,23605,23413,23286,22928,22683,22504,22236,22178,21955,21724,21562,21025,20992,20990,20815,20517,20372,20037,19921,19724,19404,19239,19004,18850,18882,18737,18856,18306,17970,17923,17645,17460,17378,17212,17081,17003,16663,16419,16327,16003,15858,15916,15797,15700,15593,15488,15508,15302,15251,15213,15087,14738,14611,14485,14449,14323,14151,13889,13807,13701
경상남도,1세,30808,30842,30904,30908,31012,31095,31183,31314,31508,31969,32308,32506,32727,32703,32903,33196,33423,33582,33617,33654,33534,33099,32869,32779,32743,32819,32833,32775,32755,32839,32968,33061,33186,33530,33642,33468,33437,33227,32768,32429,32197,31810,31586,31216,30878,30491,30146,30119,29860,29998,30182,30278,30299,30425,30417,30436,30536,30524,30366,30291,30224,30053,30117,30209,30227,30311,30308,30104,29998,30091,30123,30104,29902,29716,29591,29318,29267,29030,28836,28885,28758,28301,28093,27766,27545,27234,26804,26457,26161,25900,25635,25397,25057,24799,24434,24267,24023,23921,23723,23417,23223,23002,22758,22482,22097,21949,21908,21689,21640,21494,21085,20994,20626,20384,20181,19897,19781,19677,19468,19365,18947,18641,18443,18204,18032,17903,17794,17627,17600,17300,16979,16812,16669,16546,16450,16294,16255,16154,16071,16055,15898
경상남도,2세,32164,32147,32033,31956,31866,31849,31642,31639,31448,31248,31079,30953,30901,30930,31013,31007,31100,31179,31251,31356,31556,32019,32410,32608,32808,32846,33057,33330,33485,33648,33755,33816,33693,33298,33066,32974,32919,32965,32960,32947,33002,33082,33162,33268,33372,33697,33837,33765,33759,33595,33136,32776,32510,32137,31912,31521,31234,30835,30467,30444,30157,30266,30399,30490,30477,30597,30590,30626,30719,30665,30543,30549,30506,30327,30476,30557,30539,30639,30677,30447,30360,30451,30582,30553,30374,30193,30043,29783,29659,29376,29168,29179,28944,28444,28246,27864,27614,27237,26847,26545,26281,26021,25768,25541,25177,24910,24529,24394,24159,24048,23862,23523,23320,23085,22833,22562,22160,21962,21901,21667,21579,21400,21010,20927,20546,20314,20117,19841,19761,19665,19508,19376,18941,18654,18468,18230,18075,18003,17907,17748,17724
경상남도,3세,34590,34592,34577,34612,34314,34132,34041,33503,33235,32851,32496,32376,32176,32022,32054,32009,31904,31882,31673,31627,31436,31227,31037,30901,30872,30868,30884,30885,30984,31079,31244,31377,31639,32091,32527,32759,32975,33046,33267,33537,33729,33853,33957,34041,33937,33484,33271,33226,33171,33255,33248,33230,33233,33283,33337,33453,33565,33915,34022,33893,33878,33616,33181,32827,32597,32236,32020,31631,31295,30925,30536,30486,30281,30402,30536,30624,30674,30804,30788,30843,30951,30969,30845,30861,30833,30684,30809,30804,30765,30846,30826,30609,30538,30589,30693,30626,30455,30270,30100,29788,29696,29412,29203,29190,28992,28533,28337,27970,27676,27234,26932,26626,26347,26088,25815,25533,25130,24849,24459,24279,23998,23881,23703,23391,23204,22973,22766,22477,22076,21863,21834,21601,21503,21268,20890,20791,20435,20206,20027,19763,19686
경상남도,4세,30708,30695,30883,31080,31304,31537,31836,32384,32963,33622,34055,34363,34548,34622,34480,34505,34239,34109,34012,33504,33212,32832,32464,32335,32119,32088,32037,31972,31812,31841,31660,31596,31416,31186,31025,30917,30886,30869,30906,30988,31147,31241,31380,31508,31780,32240,32707,32908,33138,33192,33414,33715,33902,34020,34150,34166,34075,33615,33418,33329,33294,33420,33284,33248,33245,33312,33355,33478,33576,33945,34069,33965,33939,33746,33278,32923,32705,32382,32182,31805,31528,31147,30755,30692,30490,30636,30723,30814,30871,30973,30944,30968,31078,31068,30898,30865,30805,30634,30756,30787,30742,30829,30833,30604,30520,30527,30655,30643,30489,30385,30138,29850,29741,29452,29180,29174,28969,28486,28266,27882,27599,27234,26871,26556,26249,25979,25698,25410,25047,24787,24392,24228,23936,23795,23585,23283,23089,22866,22671,22372,21961
경상남도,5세,29462,29623,29667,29651,29861,29920,30027,30200,30174,30236,30372,30387,30661,30682,30865,31022,31298,31517,31828,32373,32920,33590,33977,34295,34443,34460,34402,34409,34203,34108,34003,33515,33243,32877,32531,32421,32228,32196,32131,32083,31944,31938,31796,31714,31543,31258,31105,30988,30987,31005,31065,31125,31242,31316,31433,31549,31863,32351,32780,32962,33206,33257,33478,33757,33967,34068,34193,34211,34056,33580,33349,33278,33224,33272,33251,33223,33254,33368,33486,33643,33773,34161,34278,34149,34135,33921,33410,33073,32794,32443,32220,31812,31513,31104,30720,30661,30450,30556,30675,30762,30806,30879,30866,30893,31004,31021,30873,30796,30763,30543,30637,30665,30644,30724,30708,30514,30441,30465,30561,30544,30372,30200,30047,29732,29672,29380,29115,29129,28898,28405,28200,27823,27533,27144,26760,26441,26146,25904,25588,25329,24953
창원시(통합),0세,10363,10385,10488,10596,10797,10834,10728,10809,10753,10610,10629,10722,10579,10682,10689,10622,10732,10757,10765,10834,10872,11079,11105,11115,11008,11148,10873,10685,10596,10451,10348,10189,10052,9897,9681,9701,9399,9430,9459,9417,9419,9412,9409,9322,9293,9294,9248,9324,9151,9098,9100,9080,9091,9137,9072,9011,8962,9054,9148,9248,9067,9101,9063,8993,8997,8890,8734,8750,8624,8424,8365,8317,8118,8075,7829,7723,7750,7715,7561,7545,7481,7369,7293,7265,7162,7095,7102,7000,7060,7015,6886,6852,6736,6747,6743,6674,6576,6540,6458,6382,6285,6188,6152,6048,6022,6032,5998,6061,5879,5744,5736,5646,5599,5566,5491,5455,5462,5340,5263,5240,5138,5159,5208,5201,5218,5183,5166,5193,5109,5141,5145,5112,4976,4907,4856,4799,4734,4689,4562,4544,4514
창원시(통합),1세,10147,10169,10166,10134,10168,10181,10276,10279,10369,10516,10593,10708,10837,10873,10911,11049,11112,11175,11127,11172,11133,11015,10999,11036,11036,11074,11116,11053,11051,11003,11049,11087,11146,11250,11235,11069,11088,10933,10693,10561,10438,10333,10228,10096,9970,9831,9718,9712,9594,9637,9757,9735,9723,9698,9677,9636,9586,9568,9530,9467,9462,9425,9389,9409,9417,9425,9429,9372,9409,9474,9467,9470,9431,9387,9374,9283,9235,9118,9033,9020,8908,8736,8685,8575,8483,8364,8176,8106,8033,8002,7934,7884,7813,7701,7601,7581,7476,7447,7376,7250,7227,7170,7070,7012,6908,6866,6873,6763,6793,6757,6608,6561,6440,6396,6363,6258,6252,6213,6159,6167,6007,5876,5836,5778,5713,5704,5667,5638,5671,5576,5455,5410,5402,5394,5409,5402,5422,5387,5390,5369,5305
창원시(통합),2세,10486,10538,10574,10559,10560,10597,10546,10515,10410,10331,10320,10270,10183,10180,10186,10170,10192,10191,10263,10283,10349,10463,10541,10629,10711,10730,10795,10914,10940,10963,10923,10965,10900,10790,10721,10691,10642,10633,10671,10651,10663,10626,10657,10699,10733,10840,10886,10804,10845,10772,10554,10414,10263,10174,10099,10007,9902,9760,9658,9685,9526,9586,9679,9677,9643,9621,9625,9586,9547,9516,9462,9402,9384,9304,9290,9322,9343,9340,9338,9280,9300,9371,9407,9428,9423,9430,9423,9317,9283,9177,9099,9077,8962,8773,8717,8593,8511,8380,8205,8147,8073,8021,7958,7886,7805,7675,7572,7547,7445,7431,7375,7259,7243,7201,7122,7072,6937,6876,6867,6760,6789,6734,6604,6561,6455,6402,6384,6289,6284,6254,6228,6218,6045,5926,5851,5800,5742,5744,5710,5673,5692
창원시(통합),3세,11219,11252,11204,11167,11066,11017,10950,10834,10795,10716,10550,10456,10487,10475,10521,10492,10499,10525,10479,10430,10339,10251,10241,10180,10082,10058,10000,9984,9990,9996,10102,10075,10140,10239,10270,10344,10393,10385,10421,10514,10588,10642,10611,10641,10592,10454,10433,10457,10440,10479,10528,10494,10502,10479,10480,10506,10584,10709,10758,10659,10700,10575,10390,10271,10164,10092,10057,9953,9851,9736,9590,9569,9430,9451,9536,9548,9532,9512,9490,9481,9433,9427,9363,9329,9329,9293,9335,9371,9385,9400,9386,9335,9362,9433,9487,9480,9472,9453,9401,9263,9214,9101,9036,9027,8924,8757,8684,8556,8485,8332,8207,8181,8115,8066,7986,7921,7835,7730,7617,7584,7453,7438,7400,7300,7308,7264,7179,7094,6968,6904,6892,6798,6836,6772,6638,6601,6480,6410,6394,6294,6289
창원시(통합),4세,9854,9879,9986,10131,10174,10225,10358,10453,10618,10826,11002,11163,11208,11233,11142,11073,11004,10965,10919,10822,10756,10657,10498,10379,10395,10392,10412,10370,10360,10354,10304,10275,10178,10043,10008,9921,9830,9763,9717,9715,9741,9721,9798,9785,9859,9988,10057,10153,10207,10215,10272,10386,10423,10485,10454,10495,10464,10333,10314,10322,10320,10362,10391,10375,10409,10392,10397,10432,10507,10629,10701,10607,10635,10545,10346,10224,10116,10039,9968,9853,9761,9630,9516,9519,9400,9466,9530,9551,9540,9560,9539,9529,9491,9471,9407,9374,9360,9289,9324,9327,9332,9348,9331,9276,9315,9363,9436,9423,9423,9448,9365,9252,9187,9082,9022,9013,8928,8773,8704,8604,8558,8412,8276,8234,8165,8139,8063,7974,7908,7787,7687,7648,7491,7468,7400,7300,7277,7224,7123,7051,6929
창원시(통합),5세,9618,9688,9693,9645,9731,9714,9753,9814,9771,9767,9779,9747,9827,9835,9971,10096,10145,10194,10324,10409,10579,10781,10935,11107,11112,11114,11026,10965,10872,10825,10772,10657,10575,10465,10289,10163,10140,10148,10153,10128,10135,10142,10102,10047,9943,9803,9787,9712,9635,9631,9575,9549,9556,9523,9600,9608,9723,9857,9920,10032,10098,10089,10129,10267,10306,10376,10367,10420,10370,10269,10229,10237,10236,10249,10325,10298,10330,10322,10354,10388,10480,10619,10671,10596,10656,10562,10367,10263,10145,10046,9985,9889,9779,9659,9540,9538,9417,9482,9517,9536,9514,9500,9492,9479,9433,9407,9336,9291,9291,9221,9265,9291,9293,9328,9341,9297,9323,9380,9442,9452,9448,9452,9419,9304,9275,9184,9130,9139,9048,8865,8787,8664,8598,8434,8269,8218,8143,8114,8018,7952,7868
의창구,0세,2126,2117,2117,2157,2182,2200,2184,2230,2204,2155,2162,2187,2160,2200,2206,2169,2206,2227,2234,2244,2256,2321,2338,2327,2330,2372,2322,2323,2271,2269,2278,2241,2216,2161,2120,2157,2111,2107,2103,2103,2149,2143,2168,2149,2162,2180,2193,2212,2185,2230,2249,2248,2285,2294,2248,2237,2251,2285,2263,2255,2182,2185,2163,2121,2098,2077,2039,2069,2028,1960,1934,1927,1895,1910,1827,1801,1833,1865,1833,1836,1840,1822,1804,1800,1756,1726,1739,1716,1722,1718,1679,1660,1607,1614,1627,1592,1579,1586,1550,1565,1562,1555,1560,1551,1580,1576,1556,1599,1580,1573,1596,1578,1554,1575,1526,1533,1527,1494,1487,1474,1440,1441,1457,1474,1483,1487,1232,1226,1200,1214,1220,1199,1172,1155,1130,1115,1084,1061,1016,1014,1004
의창구,1세,2120,2096,2068,2056,2035,2037,2024,2028,2064,2132,2219,2256,2260,2297,2278,2339,2356,2358,2350,2364,2332,2312,2281,2277,2287,2294,2293,2259,2266,2282,2312,2343,2364,2403,2419,2392,2417,2382,2351,2348,2317,2339,2338,2277,2269,2213,2210,2256,2254,2284,2312,2323,2324,2298,2284,2294,2264,2278,2260,2213,2223,2238,2218,2245,2259,2256,2249,2227,2229,2258,2249,2226,2206,2158,2184,2156,2143,2106,2114,2137,2093,2021,2017,2032,2016,2019,1957,1954,1959,1974,1967,1967,1962,1923,1894,1906,1866,1873,1862,1819,1806,1797,1805,1768,1733,1743,1761,1735,1777,1792,1757,1777,1769,1784,1795,1756,1768,1770,1732,1742,1684,1650,1637,1598,1570,1543,1236,1221,1229,1210,1194,1197,1189,1194,1222,1232,1240,1239,1254,1241,1220
의창구,2세,2107,2069,2107,2129,2118,2110,2126,2179,2151,2153,2165,2168,2182,2163,2160,2162,2129,2130,2125,2103,2144,2165,2233,2249,2255,2292,2292,2342,2377,2384,2378,2388,2341,2321,2261,2252,2241,2227,2244,2276,2294,2318,2348,2369,2377,2426,2460,2462,2487,2478,2454,2419,2368,2359,2350,2305,2287,2231,2200,2239,2209,2196,2196,2190,2180,2164,2148,2167,2139,2158,2158,2124,2145,2159,2162,2166,2207,2221,2222,2210,2213,2233,2258,2243,2247,2219,2246,2228,2194,2162,2162,2171,2110,2073,2047,2031,2056,2053,1984,1970,1981,1982,1989,2007,2032,1998,1998,2012,1981,1996,1992,1955,1966,1958,1940,1918,1861,1836,1844,1821,1839,1832,1773,1783,1757,1743,1460,1435,1436,1430,1413,1403,1364,1325,1295,1273,1258,1258,1231,1221,1219
의창구,3세,2307,2328,2288,2286,2277,2251,2216,2193,2194,2176,2139,2135,2146,2126,2175,2196,2200,2212,2239,2252,2217,2194,2170,2168,2165,2151,2156,2146,2109,2112,2118,2085,2122,2177,2237,2241,2262,2274,2272,2335,2393,2414,2405,2407,2368,2337,2313,2307,2317,2342,2368,2384,2399,2398,2394,2402,2412,2438,2452,2419,2392,2350,2296,2272,2236,2224,2240,2202,2196,2155,2128,2141,2134,2148,2151,2154,2155,2149,2136,2180,2163,2184,2163,2152,2182,2218,2243,2248,2283,2298,2305,2256,2281,2285,2294,2274,2252,2240,2272,2249,2211,2181,2211,2242,2198,2178,2167,2165,2186,2201,2179,2182,2181,2182,2161,2160,2176,2129,2098,2078,1999,1980,1970,1919,1931,1906,1597,1561,1512,1509,1536,1513,1536,1538,1500,1511,1470,1449,1433,1411,1419
의창구,4세,2037,2038,2053,2066,2067,2081,2084,2143,2172,2207,2291,2336,2346,2390,2351,2341,2342,2311,2277,2243,2228,2185,2153,2129,2135,2103,2137,2159,2146,2154,2186,2218,2203,2179,2164,2147,2157,2132,2123,2142,2131,2119,2135,2113,2167,2216,2261,2299,2321,2378,2395,2417,2446,2438,2413,2414,2385,2344,2311,2266,2268,2271,2266,2281,2302,2324,2309,2322,2325,2363,2383,2379,2355,2326,2267,2256,2221,2222,2237,2191,2207,2168,2157,2195,2191,2189,2189,2219,2232,2234,2219,2251,2224,2243,2219,2207,2230,2261,2265,2256,2263,2270,2305,2284,2324,2345,2348,2337,2368,2391,2421,2377,2362,2358,2376,2403,2333,2305,2286,2272,2273,2222,2183,2166,2160,2171,1802,1783,1808,1763,1747,1734,1664,1649,1633,1582,1588,1580,1582,1552,1514
의창구,5세,2016,1999,1997,1964,1999,2001,2016,2007,2004,1999,1997,2002,2044,2062,2082,2095,2092,2113,2112,2155,2188,2245,2299,2336,2323,2357,2337,2311,2320,2279,2246,2211,2190,2171,2142,2119,2108,2092,2165,2207,2212,2229,2255,2279,2247,2239,2227,2219,2224,2235,2220,2211,2185,2156,2171,2162,2203,2246,2262,2286,2282,2289,2307,2306,2335,2330,2326,2326,2285,2254,2233,2189,2217,2227,2241,2254,2293,2325,2326,2346,2359,2358,2392,2391,2390,2357,2311,2285,2252,2258,2269,2226,2224,2184,2164,2205,2208,2236,2239,2254,2258,2246,2247,2290,2294,2309,2301,2303,2330,2359,2352,2369,2377,2396,2421,2396,2441,2447,2429,2410,2393,2386,2415,2368,2354,2314,2010,2026,1966,1928,1911,1895,1893,1857,1828,1825,1808,1818,1776,1765,1779
성산구,0세,2577,2577,2599,2634,2696,2738,2708,2664,2659,2631,2644,2653,2628,2639,2643,2629,2654,2676,2674,2661,2668,2726,2708,2717,2692,2730,2646,2614,2625,2554,2532,2509,2477,2443,2394,2400,2302,2300,2337,2320,2308,2299,2266,2245,2208,2206,2180,2215,2159,2106,2089,2074,2063,2068,2051,2037,2046,2057,2048,2009,1979,2005,2009,2033,2027,1986,1932,1932,1906,1848,1810,1823,1753,1733,1658,1626,1623,1615,1600,1563,1547,1526,1527,1538,1557,1558,1583,1536,1579,1557,1527,1546,1542,1564,1574,1549,1509,1494,1462,1418,1381,1365,1354,1320,1304,1292,1287,1302,1259,1218,1203,1177,1167,1176,1172,1165,1143,1103,1075,1071,1034,1021,1025,1031,1011,999,1241,1255,1258,1249,1241,1237,1204,1194,1193,1203,1210,1197,1173,1141,1141
성산구,1세,2468,2462,2449,2439,2447,2427,2459,2429,2466,2497,2488,2506,2558,2568,2595,2627,2640,2686,2658,2650,2671,2644,2663,2655,2647,2654,2656,2629,2633,2624,2627,2608,2604,2620,2567,2529,2544,2524,2479,2432,2426,2373,2367,2341,2315,2282,2252,2226,2182,2178,2220,2205,2201,2182,2192,2169,2157,2138,2114,2102,2059,2039,2009,1996,1982,1991,1985,1976,2007,2037,2040,1991,1996,1981,1981,1961,1948,1924,1886,1890,1873,1838,1805,1792,1772,1748,1693,1700,1671,1674,1660,1621,1594,1585,1585,1585,1605,1591,1586,1548,1560,1524,1492,1503,1503,1511,1516,1472,1432,1407,1363,1334,1298,1265,1265,1236,1229,1220,1200,1201,1172,1129,1114,1102,1100,1106,1382,1395,1387,1350,1321,1280,1294,1276,1279,1309,1307,1302,1283,1298,1307
성산구,2세,2545,2583,2597,2582,2575,2596,2551,2536,2471,2422,2380,2378,2327,2323,2312,2311,2326,2307,2328,2342,2367,2412,2432,2423,2469,2485,2522,2563,2539,2551,2513,2516,2529,2491,2514,2505,2499,2500,2489,2443,2441,2427,2416,2399,2382,2391,2374,2348,2391,2381,2322,2298,2287,2241,2226,2206,2197,2164,2102,2059,2018,2020,2058,2057,2047,2027,2043,2004,1995,1988,1986,2006,1973,1929,1884,1881,1865,1864,1872,1884,1909,1935,1941,1899,1912,1930,1955,1949,1958,1945,1907,1892,1885,1834,1808,1805,1747,1710,1671,1687,1664,1662,1648,1601,1558,1542,1518,1516,1531,1530,1510,1464,1480,1453,1440,1442,1435,1443,1439,1390,1377,1337,1287,1267,1239,1202,1486,1445,1430,1432,1412,1430,1398,1386,1376,1364,1365,1370,1390,1390,1388
성산구,3세,2701,2695,2648,2626,2608,2595,2588,2578,2573,2544,2488,2444,2449,2471,2495,2469,2462,2467,2432,2434,2389,2341,2311,2309,2250,2253,2208,2215,2232,2232,2271,2280,2291,2313,2304,2317,2329,2330,2370,2388,2365,2383,2357,2359,2365,2344,2360,2356,2359,2376,2367,2335,2329,2296,2285,2287,2285,2309,2268,2246,2271,2222,2186,2162,2153,2115,2110,2084,2062,2030,1996,1979,1951,1941,1953,1947,1947,1942,1948,1919,1912,1908,1919,1937,1907,1887,1874,1885,1865,1863,1853,1882,1881,1897,1914,1869,1891,1902,1915,1894,1898,1884,1842,1846,1843,1785,1745,1734,1680,1626,1596,1616,1595,1586,1574,1525,1472,1462,1439,1460,1474,1478,1484,1430,1438,1412,1683,1686,1676,1667,1657,1624,1610,1564,1505,1497,1489,1487,1498,1462,1448
성산구,4세,2333,2365,2373,2409,2411,2398,2429,2425,2479,2536,2562,2602,2631,2612,2554,2529,2516,2513,2509,2509,2517,2500,2474,2424,2446,2451,2470,2439,2427,2424,2393,2389,2337,2289,2241,2218,2156,2134,2102,2091,2106,2113,2131,2139,2144,2185,2209,2209,2223,2212,2258,2311,2291,2308,2280,2283,2281,2250,2249,2245,2243,2261,2256,2213,2213,2195,2184,2197,2203,2217,2188,2180,2216,2183,2145,2097,2090,2044,2035,2016,1987,1952,1915,1901,1884,1915,1950,1949,1946,1942,1959,1917,1915,1916,1927,1937,1890,1830,1821,1842,1834,1846,1838,1855,1854,1867,1896,1854,1848,1859,1857,1854,1851,1828,1785,1789,1787,1736,1704,1683,1631,1594,1553,1573,1544,1535,1858,1809,1763,1752,1724,1743,1764,1779,1774,1742,1744,1711,1684,1689,1683
성산구,5세,2318,2327,2341,2318,2348,2345,2338,2325,2306,2317,2302,2283,2295,2309,2326,2366,2364,2350,2382,2391,2428,2482,2525,2571,2587,2572,2523,2514,2485,2481,2475,2458,2464,2433,2405,2355,2364,2358,2346,2302,2307,2305,2271,2266,2248,2179,2144,2122,2059,2048,2012,2010,2032,2032,2056,2055,2077,2114,2132,2133,2145,2134,2161,2224,2193,2224,2206,2199,2203,2185,2213,2221,2212,2213,2215,2174,2175,2165,2152,2167,2190,2224,2192,2187,2202,2179,2139,2111,2099,2050,2033,2011,1972,1930,1912,1892,1879,1901,1921,1920,1913,1910,1922,1877,1869,1862,1871,1889,1863,1832,1823,1824,1809,1823,1819,1829,1833,1850,1863,1827,1834,1847,1847,1834,1820,1810,2083,2100,2092,2036,2011,1986,1939,1903,1844,1871,1858,1857,1851,1817,1776
마산합포구,0세,1394,1421,1481,1479,1516,1522,1501,1515,1503,1483,1472,1472,1419,1443,1451,1467,1458,1440,1463,1495,1499,1508,1519,1563,1536,1537,1503,1463,1465,1467,1428,1419,1388,1393,1355,1341,1313,1322,1302,1302,1282,1279,1304,1298,1303,1312,1331,1366,1346,1334,1341,1339,1337,1322,1309,1311,1275,1299,1305,1342,1339,1331,1328,1312,1329,1305,1288,1285,1251,1246,1251,1220,1199,1206,1183,1184,1186,1180,1151,1157,1150,1142,1130,1121,1091,1070,1073,1069,1059,1058,1048,1045,1014,1028,1026,1019,1005,981,988,976,968,962,946,932,928,940,932,937,891,850,820,796,780,755,740,734,725,708,706,714,718,767,793,797,823,830,834,858,846,870,859,862,838,844,835,810,789,798,767,776,761
마산합포구,1세,1335,1336,1349,1358,1365,1369,1395,1414,1444,1447,1444,1486,1518,1527,1552,1554,1561,1588,1573,1585,1585,1560,1549,1525,1508,1518,1524,1542,1525,1502,1530,1524,1544,1559,1578,1598,1572,1541,1511,1474,1455,1465,1428,1459,1445,1452,1421,1398,1404,1408,1411,1420,1415,1407,1430,1415,1420,1413,1423,1441,1445,1461,1466,1452,1444,1432,1405,1411,1400,1399,1392,1404,1405,1403,1383,1384,1395,1386,1392,1396,1384,1367,1371,1350,1330,1309,1294,1298,1291,1262,1240,1224,1219,1191,1160,1146,1131,1123,1113,1089,1073,1080,1067,1043,1035,1031,1035,1009,1001,975,973,965,937,929,915,920,917,906,899,914,920,920,928,949,944,959,956,935,944,919,910,901,894,905,890,885,899,885,890,893,892
마산합포구,2세,1317,1349,1341,1349,1388,1420,1410,1397,1389,1388,1401,1391,1381,1374,1390,1398,1402,1400,1418,1414,1427,1431,1427,1459,1497,1516,1540,1520,1525,1536,1535,1547,1546,1522,1517,1481,1476,1475,1475,1480,1474,1461,1490,1502,1526,1559,1586,1616,1593,1565,1540,1521,1497,1501,1474,1480,1474,1469,1450,1431,1431,1476,1471,1481,1474,1473,1503,1481,1471,1440,1441,1453,1442,1449,1455,1447,1448,1439,1407,1407,1412,1433,1431,1454,1459,1482,1458,1456,1461,1441,1438,1438,1406,1375,1377,1352,1326,1298,1285,1277,1266,1242,1218,1200,1193,1167,1140,1127,1097,1067,1051,1024,1007,1004,993,983,982,982,978,978,994,1012,1036,1045,1043,1058,1063,1067,1071,1068,1064,1060,1034,1012,1008,1008,990,981,976,953,957
마산합포구,3세,1478,1464,1462,1442,1415,1420,1435,1418,1416,1367,1360,1362,1387,1400,1370,1374,1407,1424,1409,1396,1389,1396,1414,1404,1385,1375,1381,1394,1389,1382,1390,1389,1400,1403,1395,1418,1436,1442,1453,1453,1465,1479,1481,1490,1505,1486,1475,1458,1478,1473,1499,1493,1491,1489,1529,1533,1551,1562,1595,1612,1596,1569,1559,1532,1517,1530,1506,1510,1509,1510,1478,1453,1448,1460,1440,1465,1465,1470,1496,1487,1486,1469,1461,1472,1461,1484,1499,1484,1490,1492,1462,1458,1452,1475,1471,1482,1487,1502,1474,1465,1461,1446,1434,1427,1394,1357,1353,1326,1286,1229,1221,1218,1206,1185,1158,1153,1150,1143,1134,1142,1146,1157,1157,1155,1151,1169,1150,1149,1131,1127,1122,1103,1118,1106,1105,1106,1099,1087,1088,1084,1084
마산합포구,4세,1247,1242,1284,1313,1331,1340,1351,1377,1400,1460,1483,1496,1489,1474,1472,1461,1440,1445,1453,1431,1417,1371,1343,1344,1368,1393,1366,1365,1401,1417,1397,1383,1369,1376,1394,1374,1354,1336,1349,1344,1344,1329,1333,1345,1349,1360,1371,1396,1415,1440,1454,1475,1474,1503,1503,1522,1532,1512,1495,1478,1484,1507,1521,1523,1521,1513,1545,1543,1552,1571,1601,1622,1604,1573,1556,1551,1554,1559,1522,1514,1508,1515,1507,1486,1484,1498,1486,1505,1494,1500,1513,1505,1489,1456,1443,1456,1460,1493,1502,1473,1474,1469,1440,1434,1427,1455,1456,1451,1435,1426,1385,1374,1369,1347,1356,1363,1345,1307,1316,1331,1342,1356,1349,1361,1353,1346,1328,1313,1316,1290,1281,1273,1245,1233,1213,1190,1176,1181,1149,1140,1122
마산합포구,5세,1214,1235,1229,1226,1234,1253,1269,1270,1263,1246,1243,1228,1266,1263,1299,1338,1361,1360,1386,1395,1424,1471,1490,1490,1474,1458,1448,1432,1411,1410,1416,1397,1391,1348,1313,1326,1339,1351,1320,1327,1344,1365,1364,1352,1343,1345,1362,1350,1348,1330,1327,1328,1335,1329,1340,1332,1343,1353,1372,1400,1423,1447,1459,1487,1504,1525,1530,1556,1563,1540,1514,1486,1492,1493,1519,1525,1518,1526,1571,1577,1591,1616,1637,1652,1625,1590,1577,1562,1558,1556,1540,1532,1527,1538,1516,1497,1484,1494,1483,1495,1483,1481,1488,1472,1457,1420,1411,1412,1418,1427,1456,1435,1423,1419,1397,1393,1394,1428,1438,1458,1492,1516,1516,1514,1534,1519,1536,1555,1527,1499,1491,1464,1453,1440,1416,1403,1396,1379,1366,1336,1323
마산회원구,0세,1907,1909,1905,1911,1948,1930,1906,1945,1938,1934,1939,1947,1937,1934,1927,1920,1930,1924,1901,1913,1931,1961,1977,1962,1942,1978,1933,1902,1862,1852,1817,1755,1739,1734,1663,1674,1623,1637,1646,1677,1665,1663,1653,1633,1606,1569,1557,1560,1525,1519,1515,1504,1508,1514,1512,1493,1495,1500,1540,1577,1527,1524,1507,1486,1504,1483,1445,1429,1424,1399,1408,1424,1383,1349,1311,1305,1283,1255,1207,1202,1174,1141,1116,1118,1097,1081,1052,1045,1048,1055,1035,1021,1012,978,957,952,936,940,922,912,896,845,842,819,813,818,821,807,779,776,791,780,792,794,798,781,793,797,779,785,782,765,767,751,745,722,705,692,683,678,683,690,677,665,654,654,645,643,636,642,630
마산회원구,1세,1821,1816,1843,1827,1862,1886,1908,1904,1899,1913,1915,1937,1948,1942,1941,1965,1983,1983,1986,1999,1974,1964,1958,1987,2015,2023,2037,2006,2013,1975,1973,1996,2022,2030,2055,1997,2008,1991,1950,1929,1880,1863,1806,1737,1695,1682,1633,1620,1585,1601,1623,1649,1642,1636,1632,1642,1620,1590,1586,1591,1604,1580,1586,1610,1611,1615,1639,1627,1646,1644,1644,1657,1649,1661,1611,1566,1547,1497,1463,1432,1429,1407,1395,1357,1315,1285,1276,1246,1221,1198,1189,1199,1186,1188,1162,1157,1131,1129,1098,1083,1080,1086,1073,1065,1030,981,965,967,995,996,953,957,936,920,899,883,891,895,910,883,854,841,833,808,801,813,801,798,785,792,749,760,771,770,774,751,764,746,754,727,716
마산회원구,2세,2028,2045,2001,1981,1931,1911,1922,1894,1912,1887,1875,1853,1822,1831,1854,1834,1854,1867,1890,1917,1916,1926,1926,1957,1945,1918,1919,1967,1985,1989,1991,1995,1977,1977,1942,1956,1965,1962,1975,1948,1954,1907,1901,1915,1948,1948,1978,1926,1924,1931,1882,1839,1802,1793,1735,1691,1635,1636,1614,1619,1597,1621,1642,1674,1681,1683,1679,1690,1673,1664,1655,1636,1645,1610,1608,1615,1601,1598,1605,1594,1598,1593,1584,1589,1565,1550,1512,1443,1447,1410,1393,1380,1402,1368,1369,1345,1313,1284,1271,1272,1246,1235,1216,1215,1183,1168,1136,1121,1111,1127,1116,1117,1099,1113,1107,1102,1071,1035,1034,1018,1033,1015,982,983,960,937,924,909,916,911,918,899,861,839,832,813,801,814,803,806,792
마산회원구,3세,2127,2122,2150,2134,2132,2123,2085,2071,2051,2040,1997,1992,1994,1988,1965,1953,1914,1894,1884,1862,1878,1860,1868,1857,1839,1824,1835,1823,1851,1869,1896,1910,1909,1908,1903,1924,1934,1922,1919,1939,1956,1953,1958,1956,1925,1915,1894,1904,1891,1875,1875,1852,1857,1843,1845,1859,1890,1905,1934,1914,1942,1946,1925,1893,1870,1860,1813,1772,1724,1717,1667,1677,1641,1638,1673,1689,1667,1666,1660,1658,1618,1599,1584,1562,1560,1514,1520,1524,1513,1502,1498,1506,1528,1551,1556,1562,1561,1548,1512,1445,1450,1410,1394,1356,1365,1336,1334,1317,1310,1301,1280,1275,1261,1254,1249,1251,1228,1223,1189,1165,1130,1133,1126,1122,1108,1114,1107,1091,1066,1031,1023,1016,1023,1019,989,987,965,947,943,917,925
마산회원구,4세,1982,1982,1978,2014,2012,2039,2074,2067,2074,2109,2132,2130,2110,2123,2133,2105,2109,2105,2079,2081,2050,2043,1992,1981,1973,1979,1957,1942,1905,1884,1876,1860,1870,1828,1822,1829,1808,1792,1807,1801,1817,1840,1834,1839,1861,1864,1856,1876,1889,1865,1855,1863,1871,1874,1890,1891,1878,1877,1880,1906,1913,1904,1904,1901,1907,1886,1898,1917,1954,1964,1993,1951,1958,1957,1913,1873,1831,1814,1762,1724,1679,1668,1632,1623,1569,1577,1589,1599,1584,1597,1587,1605,1578,1569,1569,1555,1550,1514,1522,1537,1542,1542,1521,1505,1520,1521,1530,1531,1538,1535,1492,1452,1451,1407,1396,1366,1386,1364,1365,1341,1317,1273,1264,1252,1240,1229,1228,1233,1200,1189,1153,1133,1111,1122,1108,1113,1099,1100,1095,1087,1052
마산회원구,5세,1978,1990,1977,1966,1966,1948,1962,1999,1982,1967,1983,1982,1974,1963,1976,1998,1993,2020,2042,2049,2061,2098,2128,2143,2133,2130,2131,2113,2121,2126,2108,2102,2058,2042,1987,1969,1955,1973,1938,1919,1883,1852,1840,1813,1798,1758,1764,1760,1734,1730,1757,1754,1763,1781,1787,1809,1828,1833,1830,1865,1889,1874,1880,1931,1930,1928,1935,1939,1926,1926,1903,1916,1913,1893,1886,1852,1841,1820,1835,1838,1874,1888,1908,1863,1888,1888,1851,1815,1773,1749,1693,1675,1637,1633,1603,1603,1560,1566,1565,1584,1583,1597,1588,1590,1554,1551,1539,1522,1517,1485,1511,1521,1531,1532,1520,1519,1530,1531,1543,1547,1529,1509,1470,1431,1428,1393,1381,1356,1368,1339,1338,1326,1304,1263,1260,1251,1237,1226,1214,1227,1199
진해구,0세,2359,2361,2386,2415,2455,2444,2429,2455,2449,2407,2412,2463,2435,2466,2462,2437,2484,2490,2493,2521,2518,2563,2563,2546,2508,2531,2469,2383,2373,2309,2293,2265,2232,2166,2149,2129,2050,2064,2071,2015,2015,2028,2018,1997,2014,2027,1987,1971,1936,1909,1906,1915,1898,1939,1952,1933,1895,1913,1992,2065,2040,2056,2056,2041,2039,2039,2030,2035,2015,1971,1962,1923,1888,1877,1850,1807,1825,1800,1770,1787,1770,1738,1716,1688,1661,1660,1655,1634,1652,1627,1597,1580,1561,1563,1559,1562,1547,1539,1536,1511,1478,1461,1450,1426,1397,1406,1402,1416,1370,1327,1326,1315,1306,1266,1255,1242,1274,1238,1216,1196,1164,1165,1166,1148,1156,1145,1154,1162,1122,1130,1142,1124,1085,1049,1044,1017,1006,990,970,971,978
진해구,1세,2403,2459,2457,2454,2459,2462,2490,2504,2496,2527,2527,2523,2553,2539,2545,2564,2572,2560,2560,2574,2571,2535,2548,2592,2579,2585,2606,2617,2614,2620,2607,2616,2612,2638,2616,2553,2547,2495,2402,2378,2360,2293,2289,2282,2246,2202,2202,2212,2169,2166,2191,2138,2141,2175,2139,2116,2125,2149,2147,2120,2131,2107,2110,2106,2121,2131,2151,2131,2127,2136,2142,2192,2175,2184,2215,2216,2202,2205,2178,2165,2129,2103,2097,2044,2050,2003,1956,1908,1891,1894,1878,1873,1852,1814,1800,1787,1743,1731,1717,1711,1708,1683,1633,1633,1607,1600,1596,1580,1588,1587,1562,1528,1500,1498,1489,1463,1447,1422,1418,1427,1377,1336,1324,1321,1298,1283,1292,1289,1326,1305,1281,1272,1254,1249,1244,1225,1212,1215,1209,1210,1170
진해구,2세,2489,2492,2528,2518,2548,2560,2537,2509,2487,2481,2499,2480,2471,2489,2470,2465,2481,2487,2502,2507,2495,2529,2523,2541,2545,2519,2522,2522,2514,2503,2506,2519,2507,2479,2487,2497,2461,2469,2488,2504,2500,2513,2502,2514,2500,2516,2488,2452,2450,2417,2356,2337,2309,2280,2314,2325,2309,2260,2292,2337,2271,2273,2312,2275,2261,2274,2252,2244,2269,2266,2222,2183,2179,2157,2181,2213,2222,2218,2232,2185,2168,2177,2193,2243,2240,2249,2252,2241,2223,2219,2199,2196,2159,2123,2116,2060,2069,2035,1994,1941,1916,1900,1887,1863,1839,1800,1780,1771,1725,1711,1706,1699,1691,1673,1642,1627,1588,1580,1572,1553,1546,1538,1526,1483,1456,1462,1451,1433,1431,1413,1421,1426,1388,1364,1340,1342,1328,1321,1310,1303,1336
진해구,3세,2606,2643,2656,2679,2634,2628,2626,2574,2561,2589,2566,2523,2511,2490,2516,2500,2516,2528,2515,2486,2466,2460,2478,2442,2443,2455,2420,2406,2409,2401,2427,2411,2418,2438,2431,2444,2432,2417,2407,2399,2409,2413,2410,2429,2429,2372,2391,2432,2395,2413,2419,2430,2426,2453,2427,2425,2446,2495,2509,2468,2499,2488,2424,2412,2388,2363,2388,2385,2360,2324,2321,2319,2256,2264,2319,2293,2298,2285,2250,2237,2254,2267,2236,2206,2219,2190,2199,2230,2234,2245,2268,2233,2220,2225,2252,2293,2281,2261,2228,2210,2194,2180,2155,2156,2124,2101,2085,2014,2023,1975,1931,1890,1872,1859,1844,1832,1809,1773,1757,1739,1704,1690,1663,1674,1680,1663,1642,1607,1583,1570,1554,1542,1549,1545,1539,1500,1457,1440,1432,1420,1413
진해구,4세,2255,2252,2298,2329,2353,2367,2420,2441,2493,2514,2534,2599,2632,2634,2632,2637,2597,2591,2601,2558,2544,2558,2536,2501,2473,2466,2482,2465,2481,2475,2452,2425,2399,2371,2387,2353,2355,2369,2336,2337,2343,2320,2365,2349,2338,2363,2360,2373,2359,2320,2310,2320,2341,2362,2368,2385,2388,2350,2379,2427,2412,2419,2444,2457,2466,2474,2461,2453,2473,2514,2536,2475,2502,2506,2465,2447,2420,2400,2412,2408,2380,2327,2305,2314,2272,2287,2316,2279,2284,2287,2261,2251,2285,2287,2249,2219,2230,2191,2214,2219,2219,2221,2227,2198,2190,2175,2206,2250,2234,2237,2210,2195,2154,2142,2109,2092,2077,2061,2033,1977,1995,1967,1927,1882,1868,1858,1847,1836,1821,1793,1782,1765,1707,1685,1672,1673,1670,1652,1613,1583,1558
진해구,5세,2092,2137,2149,2171,2184,2167,2168,2213,2216,2238,2254,2252,2248,2238,2288,2299,2335,2351,2402,2419,2478,2485,2493,2567,2595,2597,2587,2595,2535,2529,2527,2489,2472,2471,2442,2394,2374,2374,2384,2373,2389,2391,2372,2337,2307,2282,2290,2261,2270,2288,2259,2246,2241,2225,2246,2250,2272,2311,2324,2348,2359,2345,2322,2319,2344,2369,2370,2400,2393,2364,2366,2425,2402,2423,2464,2493,2503,2486,2470,2460,2466,2533,2542,2503,2551,2548,2489,2490,2463,2433,2450,2445,2419,2374,2345,2341,2286,2285,2309,2283,2277,2266,2247,2250,2259,2265,2214,2165,2163,2118,2123,2142,2153,2158,2184,2160,2125,2124,2169,2210,2200,2194,2171,2157,2139,2148,2120,2102,2095,2063,2036,1993,2009,1971,1921,1868,1844,1834,1811,1807,1791
진주시,0세,2768,2747,2795,2798,2800,2807,2790,2830,2831,2806,2797,2843,2787,2779,2743,2762,2745,2757,2752,2759,2730,2734,2757,2761,2709,2753,2691,2692,2703,2668,2624,2605,2552,2571,2526,2531,2463,2480,2520,2539,2544,2569,2588,2593,2631,2638,2631,2674,2657,2625,2638,2635,2671,2716,2722,2679,2637,2619,2650,2653,2599,2609,2610,2573,2590,2538,2494,2518,2524,2547,2560,2558,2553,2529,2520,2479,2442,2464,2424,2380,2319,2285,2243,2214,2186,2180,2205,2191,2182,2133,2115,2139,2097,2119,2138,2119,2101,2064,2051,2021,2057,2018,1998,1974,1957,1968,1939,1926,1864,1869,1831,1827,1821,1829,1846,1832,1820,1793,1787,1794,1731,1702,1716,1689,1700,1672,1660,1698,1693,1705,1699,1691,1700,1702,1726,1765,1760,1769,1730,1707,1714
진주시,1세,2647,2668,2712,2756,2794,2828,2813,2827,2841,2879,2949,2926,2979,2984,2998,2985,2975,2982,3008,3006,3023,2998,2998,2989,2959,2930,2959,2923,2906,2922,2934,2923,2897,2885,2902,2883,2874,2909,2864,2887,2919,2885,2856,2854,2817,2819,2772,2776,2735,2744,2782,2840,2847,2857,2892,2906,2939,2933,2923,2982,2974,2941,2936,2950,2928,2971,2947,2920,2900,2872,2883,2866,2827,2801,2803,2755,2747,2700,2698,2734,2726,2715,2729,2708,2736,2698,2660,2633,2589,2600,2571,2501,2463,2428,2373,2371,2357,2373,2367,2333,2309,2274,2258,2282,2258,2268,2271,2245,2247,2215,2189,2180,2166,2143,2120,2091,2080,2077,2033,2022,1981,1974,1935,1933,1922,1928,1954,1919,1917,1872,1866,1865,1825,1825,1822,1788,1790,1773,1757,1795,1780
진주시,2세,2910,2886,2829,2795,2800,2777,2765,2735,2726,2744,2695,2685,2697,2730,2775,2808,2828,2849,2821,2850,2875,2918,2957,2954,3024,3042,3055,3050,3050,3037,3074,3093,3085,3051,3041,3029,2995,2977,3000,2977,2983,3019,3037,3048,3018,3021,3045,3062,3038,3060,3018,3064,3087,3045,3014,2979,2949,2926,2888,2894,2883,2915,2970,3010,3012,3018,3038,3049,3080,3081,3039,3049,3046,3009,2986,3026,3022,3064,3035,2999,2990,2971,2975,2945,2898,2897,2888,2850,2841,2763,2769,2784,2790,2785,2785,2758,2787,2755,2748,2737,2687,2705,2680,2626,2586,2543,2477,2465,2446,2481,2450,2402,2376,2326,2295,2315,2291,2315,2346,2332,2327,2282,2260,2243,2226,2199,2180,2141,2124,2119,2076,2052,2006,1998,1961,1962,1949,1956,1989,1962,1965
진주시,3세,3244,3239,3266,3290,3235,3200,3176,3102,3079,3028,3013,2978,2963,2931,2908,2880,2864,2835,2832,2808,2784,2784,2732,2720,2723,2752,2799,2828,2869,2885,2863,2891,2930,2966,3011,2996,3078,3083,3093,3120,3102,3117,3155,3179,3185,3168,3175,3164,3146,3148,3164,3162,3170,3204,3196,3218,3190,3198,3220,3234,3226,3261,3220,3231,3229,3186,3145,3100,3055,3017,2982,2988,2975,2990,3039,3056,3043,3049,3082,3102,3132,3133,3095,3107,3106,3074,3051,3065,3055,3101,3086,3059,3041,3024,3047,3028,2982,2982,2993,2956,2948,2870,2862,2881,2891,2868,2877,2853,2871,2815,2821,2806,2748,2752,2726,2661,2630,2580,2525,2500,2484,2500,2478,2442,2418,2366,2357,2372,2355,2380,2404,2374,2356,2304,2281,2263,2232,2200,2190,2153,2136
진주시,4세,2965,2973,2984,2967,2992,3040,3049,3111,3110,3189,3240,3263,3308,3339,3323,3346,3283,3252,3207,3146,3130,3092,3069,3036,3023,2993,2962,2919,2898,2870,2878,2843,2818,2819,2756,2745,2752,2791,2844,2899,2945,2971,2971,2992,3029,3080,3136,3150,3226,3238,3254,3285,3280,3293,3337,3345,3347,3322,3335,3317,3303,3301,3301,3285,3277,3293,3286,3313,3298,3336,3348,3336,3329,3330,3267,3279,3275,3224,3174,3133,3087,3051,3010,2994,3001,3042,3090,3091,3096,3094,3140,3155,3186,3184,3155,3174,3175,3166,3151,3173,3162,3222,3204,3186,3158,3137,3149,3121,3064,3054,3040,3001,2999,2933,2925,2950,2944,2937,2939,2927,2936,2889,2883,2861,2806,2808,2759,2688,2649,2587,2517,2510,2502,2525,2493,2460,2445,2409,2387,2390,2376
진주시,5세,2774,2836,2841,2870,2891,2863,2855,2895,2916,2917,2924,2969,2975,3010,3028,3034,3077,3110,3110,3179,3190,3250,3307,3319,3367,3368,3362,3376,3323,3277,3251,3184,3163,3142,3132,3096,3071,3035,3012,2974,2950,2945,2960,2929,2918,2917,2874,2881,2888,2941,3012,3059,3100,3126,3113,3113,3163,3211,3262,3267,3352,3387,3396,3397,3391,3409,3442,3442,3446,3411,3396,3373,3339,3333,3338,3315,3316,3336,3331,3354,3347,3374,3384,3373,3365,3386,3289,3304,3303,3254,3197,3151,3113,3079,3039,3052,3065,3089,3153,3162,3171,3183,3230,3267,3287,3287,3263,3269,3275,3231,3200,3211,3213,3256,3236,3214,3200,3165,3175,3161,3098,3101,3081,3034,3034,2975,2965,3001,2995,2990,2987,2965,2967,2903,2887,2847,2788,2779,2728,2665,2622
통영시,0세,1558,1573,1570,1548,1558,1545,1531,1561,1532,1537,1517,1501,1501,1515,1516,1485,1476,1480,1467,1455,1433,1461,1481,1476,1457,1451,1433,1397,1384,1344,1341,1294,1262,1235,1211,1186,1148,1173,1178,1191,1197,1206,1205,1202,1204,1199,1210,1247,1249,1219,1230,1210,1235,1223,1215,1217,1204,1204,1196,1188,1165,1164,1158,1134,1127,1099,1081,1083,1072,1050,1024,1024,1011,1018,1000,986,969,926,911,876,863,867,841,812,800,762,751,753,741,735,721,690,664,660,659,645,620,612,570,548,542,541,557,538,524,527,516,537,509,500,502,491,478,455,447,442,476,462,466,457,448,445,456,447,443,447,440,431,414,423,412,407,388,381,392,388,387,382,385,388,388
통영시,1세,1472,1450,1472,1499,1492,1504,1522,1523,1558,1573,1601,1631,1601,1610,1608,1604,1607,1611,1593,1601,1571,1564,1530,1512,1520,1514,1504,1495,1498,1494,1479,1510,1520,1551,1563,1547,1535,1513,1505,1478,1449,1415,1419,1391,1372,1336,1301,1266,1255,1277,1243,1257,1252,1271,1269,1265,1266,1257,1257,1303,1288,1264,1268,1275,1280,1285,1281,1270,1263,1262,1256,1233,1208,1177,1185,1137,1123,1109,1084,1104,1069,1054,1043,1040,1013,1014,992,984,971,926,914,883,877,888,853,817,808,769,784,785,778,768,741,719,694,678,676,661,653,639,600,584,567,584,586,573,550,548,539,545,529,523,512,499,484,458,450,456,471,468,463,463,452,445,452,445,445,452,442,435,428
통영시,2세,1509,1533,1520,1531,1532,1525,1513,1511,1493,1467,1475,1442,1483,1474,1483,1494,1496,1499,1520,1520,1544,1566,1595,1610,1579,1567,1573,1570,1581,1595,1585,1573,1553,1559,1525,1512,1512,1513,1509,1525,1531,1528,1496,1520,1523,1538,1553,1543,1538,1533,1534,1495,1469,1428,1427,1388,1363,1332,1288,1251,1245,1260,1240,1252,1254,1267,1263,1269,1264,1245,1254,1295,1299,1267,1251,1258,1248,1258,1246,1231,1224,1211,1206,1187,1172,1145,1153,1110,1102,1089,1071,1089,1041,1014,1013,1008,987,993,965,958,949,901,900,871,872,879,842,807,794,759,778,782,773,766,743,721,704,682,675,659,651,640,600,581,565,574,579,564,537,537,536,541,520,502,497,490,486,461,452,455,470
통영시,3세,1569,1583,1594,1569,1543,1543,1558,1536,1535,1535,1497,1512,1496,1499,1495,1510,1495,1498,1498,1500,1482,1460,1465,1440,1479,1458,1469,1497,1495,1485,1497,1506,1545,1557,1601,1608,1589,1575,1577,1559,1578,1598,1593,1595,1561,1573,1552,1537,1547,1537,1524,1541,1535,1536,1512,1522,1523,1544,1551,1545,1528,1521,1502,1469,1437,1402,1404,1371,1351,1318,1272,1238,1240,1251,1228,1229,1225,1235,1232,1237,1231,1220,1234,1259,1269,1238,1233,1227,1220,1229,1214,1189,1189,1185,1179,1157,1143,1113,1116,1082,1068,1063,1039,1050,1014,987,988,985,962,970,942,937,927,873,874,844,844,840,812,790,774,743,759,759,753,741,722,706,690,668,662,645,632,623,593,575,561,570,571,556,535
통영시,4세,1293,1296,1299,1311,1359,1376,1386,1426,1452,1490,1542,1554,1567,1585,1587,1572,1544,1540,1561,1537,1538,1523,1470,1470,1455,1470,1457,1482,1474,1487,1481,1485,1474,1451,1453,1422,1451,1426,1444,1476,1478,1470,1483,1494,1531,1540,1574,1591,1564,1560,1574,1556,1574,1583,1595,1593,1561,1568,1541,1531,1543,1530,1505,1517,1520,1511,1492,1510,1511,1522,1525,1515,1501,1504,1486,1443,1407,1372,1366,1320,1307,1282,1237,1206,1200,1217,1193,1197,1197,1208,1207,1222,1218,1208,1222,1249,1240,1198,1192,1186,1190,1198,1197,1170,1167,1162,1153,1126,1112,1085,1095,1062,1052,1045,1022,1030,1001,972,968,961,951,962,930,929,909,865,859,836,838,843,815,791,781,746,762,760,752,739,722,707,686
통영시,5세,1236,1230,1260,1262,1252,1278,1281,1271,1256,1275,1279,1298,1320,1312,1308,1296,1338,1358,1358,1402,1427,1466,1521,1525,1539,1551,1564,1554,1536,1526,1546,1520,1529,1516,1463,1472,1466,1478,1473,1489,1476,1485,1483,1486,1461,1437,1440,1416,1452,1433,1435,1467,1469,1467,1469,1474,1506,1533,1558,1571,1545,1558,1571,1566,1575,1591,1587,1573,1544,1552,1534,1522,1524,1510,1481,1486,1491,1489,1471,1484,1479,1476,1489,1463,1444,1434,1421,1385,1360,1338,1332,1292,1289,1258,1217,1180,1182,1196,1175,1179,1172,1182,1179,1194,1190,1179,1195,1219,1212,1180,1175,1166,1168,1175,1168,1155,1157,1142,1129,1106,1088,1069,1072,1037,1032,1026,1008,1012,980,954,950,948,936,946,915,918,908,865,861,828,834
사천시,0세,1133,1126,1105,1108,1129,1152,1132,1145,1106,1095,1071,1058,1070,1082,1074,1100,1082,1083,1091,1082,1093,1100,1109,1119,1114,1126,1088,1074,1052,1033,1038,1031,1019,992,998,1026,1017,1022,1041,1057,1058,1039,1019,1030,1029,1056,1011,1008,965,951,935,933,936,952,948,952,933,915,916,919,891,906,890,883,879,886,873,865,871,859,843,849,825,820,829,819,813,803,800,804,770,752,756,743,727,714,689,669,663,652,649,656,628,634,618,611,593,577,570,559,546,532,517,489,495,473,478,484,473,464,480,495,501,491,508,519,509,501,499,493,497,488,485,470,454,460,443,453,443,432,436,435,413,414,415,421,423,421,437,434,450
사천시,1세,1154,1163,1180,1172,1164,1171,1169,1163,1165,1165,1166,1193,1219,1203,1193,1189,1201,1198,1192,1191,1162,1154,1142,1130,1145,1155,1177,1174,1178,1186,1186,1176,1190,1216,1229,1217,1206,1194,1156,1144,1128,1114,1102,1094,1078,1043,1048,1045,1040,1051,1091,1083,1073,1067,1067,1061,1057,1064,1017,987,969,938,911,935,937,943,944,944,941,939,959,951,942,944,934,922,923,923,923,911,927,912,892,890,888,888,884,879,882,862,853,839,829,799,791,776,759,745,720,702,681,664,661,662,636,644,626,620,607,597,590,590,569,558,540,525,540,526,521,518,504,505,522,527,535,537,539,534,527,531,519,495,497,486,480,460,459,467,452,464,455
사천시,2세,1171,1185,1176,1177,1178,1187,1183,1185,1191,1179,1170,1163,1173,1204,1211,1195,1191,1196,1195,1192,1198,1197,1215,1242,1258,1244,1219,1213,1219,1221,1222,1219,1210,1207,1202,1189,1195,1202,1214,1196,1194,1188,1188,1173,1178,1182,1192,1178,1168,1160,1116,1108,1101,1096,1083,1076,1074,1032,1034,1017,1014,1023,1054,1035,1024,1017,1018,1012,1007,1028,993,975,963,955,950,954,957,966,962,960,949,934,951,951,944,941,921,914,911,917,921,918,914,903,893,881,888,876,872,864,854,849,846,823,801,774,770,758,750,745,714,693,682,676,668,670,656,650,626,615,609,610,598,601,577,565,557,549,559,546,548,550,542,532,545,542,543,537,536,528,517
사천시,3세,1187,1179,1186,1206,1199,1204,1202,1195,1182,1177,1182,1194,1165,1168,1177,1190,1188,1189,1187,1193,1207,1207,1205,1192,1194,1220,1231,1225,1228,1218,1225,1226,1229,1248,1256,1284,1293,1272,1255,1252,1261,1258,1252,1248,1232,1228,1191,1184,1178,1176,1177,1152,1141,1142,1138,1126,1143,1156,1169,1150,1131,1106,1072,1072,1059,1066,1055,1056,1052,1016,1008,1003,1014,1015,1035,1036,1030,1023,1013,1011,1004,1029,1002,987,972,963,951,959,967,970,961,953,946,927,939,928,914,918,903,891,888,879,883,884,882,878,872,867,865,856,853,849,846,844,853,830,803,789,785,774,767,742,722,703,685,682,667,662,651,653,633,626,610,612,602,605,585,574,569,555,567
사천시,4세,1071,1091,1094,1081,1125,1129,1125,1122,1129,1165,1165,1156,1169,1183,1189,1210,1204,1211,1212,1192,1180,1158,1164,1185,1164,1179,1184,1203,1197,1204,1202,1207,1220,1218,1229,1210,1223,1238,1244,1232,1237,1229,1217,1219,1221,1230,1242,1258,1276,1254,1238,1238,1247,1243,1233,1223,1204,1192,1162,1147,1137,1145,1142,1117,1115,1109,1115,1102,1111,1126,1146,1133,1104,1091,1062,1071,1058,1060,1047,1041,1033,1000,999,991,988,988,1004,1013,1012,1010,1000,1003,1003,1025,992,973,950,922,911,922,939,952,939,929,921,908,920,919,910,904,888,882,876,863,867,865,869,862,860,852,847,853,856,852,849,847,850,832,812,796,793,780,758,745,716,690,679,676,672,676,652
사천시,5세,1047,1034,1044,1051,1019,1013,1048,1069,1074,1063,1070,1081,1096,1105,1108,1085,1127,1134,1121,1124,1135,1173,1182,1178,1188,1199,1212,1224,1226,1226,1227,1206,1197,1173,1170,1191,1170,1182,1180,1202,1191,1189,1192,1200,1198,1185,1187,1172,1188,1198,1206,1192,1194,1189,1177,1188,1190,1198,1208,1224,1237,1202,1188,1189,1199,1202,1204,1192,1163,1152,1119,1110,1111,1125,1125,1097,1100,1093,1106,1093,1103,1115,1124,1119,1095,1088,1056,1053,1044,1038,1024,1021,1015,984,984,972,979,974,994,1001,987,982,978,971,968,986,955,949,926,912,897,909,923,932,921,923,912,906,921,914,911,909,899,897,895,882,887,886,888,875,868,859,857,849,861,853,851,841,844,826,810
김해시,0세,5452,5440,5459,5478,5517,5530,5517,5522,5504,5379,5324,5361,5264,5294,5238,5253,5350,5342,5396,5406,5368,5493,5529,5549,5474,5498,5405,5290,5282,5245,5194,5110,5030,5030,5032,5111,5000,5025,5027,5094,5135,5171,5137,5147,5260,5301,5229,5205,5124,5095,5105,5088,5095,5066,5119,5047,4951,4970,4960,5028,4993,4926,4862,4847,4825,4792,4701,4691,4682,4634,4592,4578,4469,4438,4372,4288,4188,4151,4111,4111,4007,3950,3910,3927,3891,3860,3769,3731,3690,3642,3628,3611,3493,3493,3486,3448,3420,3442,3428,3460,3446,3428,3415,3425,3415,3452,3433,3431,3355,3278,3247,3197,3189,3181,3148,3091,3029,2995,2949,2925,2865,2884,2887,2872,2806,2789,2799,2786,2783,2755,2729,2714,2679,2652,2643,2671,2680,2630,2565,2601,2537
김해시,1세,5628,5637,5604,5557,5554,5562,5571,5590,5605,5686,5743,5741,5766,5781,5847,5858,5896,5899,5926,5909,5906,5751,5687,5699,5680,5701,5682,5727,5747,5818,5849,5851,5881,5974,6014,6010,6006,5993,5940,5877,5843,5765,5732,5648,5561,5484,5446,5454,5363,5361,5361,5392,5414,5395,5404,5459,5566,5556,5506,5401,5389,5392,5412,5356,5332,5340,5360,5304,5192,5183,5171,5192,5180,5099,5057,5075,5082,5044,4979,4955,4972,4908,4881,4804,4727,4675,4614,4509,4428,4365,4353,4355,4281,4238,4191,4169,4157,4171,4130,4121,4096,4088,4048,3965,3931,3923,3927,3939,3915,3931,3887,3914,3843,3788,3751,3737,3721,3693,3677,3619,3552,3455,3408,3351,3361,3294,3250,3202,3154,3117,3051,2997,3000,3029,3014,2978,2935,2935,2958,2964,2974
김해시,2세,5949,5942,5893,5928,5873,5837,5753,5796,5728,5695,5658,5610,5602,5608,5592,5564,5567,5580,5616,5634,5684,5779,5838,5853,5885,5899,5964,5970,5988,6006,6063,6072,6079,5957,5925,5973,5992,6017,5962,5988,5978,6053,6082,6078,6115,6188,6185,6152,6125,6059,5991,5898,5864,5785,5755,5671,5553,5485,5429,5433,5344,5349,5338,5379,5400,5404,5388,5435,5531,5525,5468,5405,5384,5378,5403,5346,5336,5363,5424,5385,5286,5280,5283,5307,5290,5202,5183,5194,5167,5147,5057,5029,5016,4948,4947,4877,4802,4750,4724,4663,4594,4549,4537,4550,4492,4475,4416,4419,4418,4401,4357,4300,4265,4217,4154,4065,4015,3995,4003,4000,3969,3977,3921,3935,3838,3797,3740,3722,3722,3707,3681,3614,3545,3462,3421,3355,3369,3340,3314,3271,3245
김해시,3세,6587,6532,6522,6500,6453,6395,6381,6245,6175,6099,6058,6018,5924,5892,5868,5904,5873,5844,5752,5805,5750,5720,5685,5653,5667,5661,5645,5599,5597,5622,5655,5685,5754,5867,5997,6028,6072,6137,6214,6230,6269,6243,6282,6280,6280,6119,6052,6075,6069,6046,5978,6004,5982,6028,6061,6087,6103,6165,6148,6130,6104,6024,5982,5872,5836,5743,5697,5612,5495,5414,5402,5413,5353,5401,5390,5416,5427,5437,5438,5459,5549,5553,5486,5444,5445,5443,5454,5377,5374,5389,5433,5414,5345,5337,5339,5366,5371,5311,5297,5309,5332,5333,5277,5256,5251,5202,5195,5156,5057,4994,4941,4844,4750,4707,4675,4655,4571,4525,4446,4426,4415,4390,4334,4267,4217,4169,4121,4046,3989,3957,3978,3963,3946,3950,3908,3913,3834,3806,3741,3721,3714
김해시,4세,6022,5993,6002,6015,6013,6052,6092,6161,6283,6408,6442,6474,6508,6477,6496,6500,6448,6408,6377,6250,6182,6111,6055,6062,5943,5949,5888,5938,5900,5894,5802,5849,5805,5790,5786,5801,5804,5819,5804,5774,5771,5826,5851,5857,5904,5990,6078,6075,6121,6146,6211,6219,6256,6237,6278,6254,6252,6093,6016,6030,6021,6035,5956,5979,5938,5995,6019,6005,6026,6085,6088,6069,6055,6003,5952,5883,5856,5775,5746,5672,5571,5488,5464,5472,5417,5420,5402,5431,5438,5435,5424,5451,5544,5554,5486,5441,5450,5488,5513,5511,5521,5545,5586,5570,5502,5504,5525,5573,5572,5520,5481,5485,5501,5464,5373,5332,5320,5259,5245,5192,5092,5033,4961,4861,4756,4683,4636,4613,4524,4503,4418,4414,4409,4371,4304,4256,4222,4182,4154,4070,4007
김해시,5세,5696,5698,5677,5671,5765,5792,5818,5847,5869,5865,5913,5909,5971,5947,5960,5978,6006,6050,6131,6214,6335,6448,6459,6486,6520,6482,6514,6510,6483,6461,6421,6317,6268,6224,6191,6191,6107,6107,6058,6117,6045,6027,5945,5979,5937,5891,5869,5834,5824,5800,5792,5754,5757,5793,5829,5846,5892,5967,6055,6045,6093,6114,6197,6199,6260,6217,6240,6205,6185,6029,5941,5974,5950,5949,5890,5923,5887,5973,6020,6018,6028,6109,6119,6095,6095,6029,5989,5899,5853,5766,5733,5651,5549,5483,5453,5460,5410,5439,5461,5500,5539,5550,5557,5604,5694,5710,5658,5604,5602,5585,5594,5566,5592,5616,5639,5622,5556,5545,5548,5579,5572,5507,5496,5480,5481,5429,5324,5295,5283,5211,5193,5138,5037,4984,4941,4854,4763,4702,4649,4640,4556
밀양시,0세,643,638,629,648,660,659,653,648,633,600,599,606,585,597,589,597,575,577,581,579,593,620,621,629,627,641,639,623,616,586,593,581,571,562,551,550,530,525,512,515,530,541,529,523,530,533,546,547,545,538,540,545,553,569,568,572,571,575,582,601,614,636,645,645,672,653,650,655,660,657,649,623,605,613,609,596,584,601,593,586,588,601,598,599,578,546,542,510,519,516,509,497,467,464,463,455,439,449,440,448,447,442,434,438,441,447,440,439,441,434,425,407,397,399,393,394,382,371,365,356,352,328,350,354,366,371,365,366,354,343,343,334,324,335,329,321,311,314,321,296,296
밀양시,1세,630,634,646,619,637,632,633,627,644,657,671,668,684,680,673,697,698,705,682,681,661,639,637,636,630,634,632,637,621,622,620,626,644,662,673,676,674,671,676,655,642,612,621,611,596,596,572,575,573,564,565,568,572,590,579,580,586,580,597,581,581,581,578,588,595,609,607,613,617,620,624,644,663,677,687,685,688,665,668,665,678,662,642,622,610,609,600,593,577,588,575,575,577,586,593,593,585,556,561,543,538,533,523,506,475,470,471,462,457,467,451,461,471,459,459,452,453,456,447,449,448,441,427,409,400,401,396,398,400,385,378,363,361,348,353,356,362,357,354,349,345
밀양시,2세,702,691,691,691,675,665,659,665,653,642,642,632,616,626,639,622,646,637,649,646,662,673,683,685,702,693,681,701,698,705,677,683,662,640,627,629,637,641,636,633,622,625,625,630,652,667,672,680,680,674,680,662,661,635,644,633,620,613,594,606,601,592,581,578,583,609,598,599,602,592,611,595,590,587,586,598,601,615,615,609,610,607,600,611,632,641,635,635,640,622,636,633,642,624,593,582,571,569,558,549,543,554,540,537,534,540,555,563,552,525,530,515,504,504,492,479,453,451,452,444,436,445,431,445,449,446,443,438,431,440,424,425,428,416,411,398,394,399,394,391,389
밀양시,3세,804,801,799,793,782,785,787,775,751,739,723,715,714,701,708,713,692,682,675,669,657,652,654,640,628,632,645,623,647,638,657,652,666,672,684,683,696,685,685,707,702,708,684,687,677,658,651,652,663,667,665,670,649,640,640,650,669,689,694,698,704,704,713,692,686,659,678,664,649,636,616,626,622,612,598,597,600,614,599,600,602,599,619,613,601,597,585,588,594,597,599,595,596,598,592,598,617,629,625,626,625,602,614,614,625,607,579,563,554,559,553,535,538,543,526,526,522,527,533,542,529,512,518,504,495,489,483,475,452,445,443,432,424,425,419,427,428,425,425,424,422
밀양시,4세,684,680,693,702,715,706,697,723,751,772,789,802,787,795,790,786,783,789,791,784,755,750,727,723,729,718,716,709,681,676,667,657,646,641,644,628,611,621,633,614,644,637,657,654,664,673,685,684,700,697,687,716,723,737,712,716,694,668,669,676,670,665,661,664,656,652,653,663,688,697,703,702,706,711,726,707,696,674,686,677,659,645,623,631,620,610,597,603,607,619,606,610,614,609,624,613,608,600,597,594,591,597,599,591,588,581,575,582,601,625,619,630,631,620,628,632,635,618,590,575,563,559,550,532,530,530,516,514,519,529,534,541,530,509,512,498,491,489,482,469,450
밀양시,5세,716,710,704,704,699,699,706,701,686,691,689,686,679,677,676,684,703,697,697,716,744,763,785,801,783,786,784,787,786,798,794,783,757,757,733,723,734,725,721,727,699,690,685,674,663,656,652,635,622,633,644,629,647,643,659,661,676,689,701,699,718,719,718,736,741,750,722,727,709,685,677,678,669,669,672,680,665,664,660,671,690,702,705,709,705,707,720,702,691,670,681,677,661,642,623,630,612,600,586,599,602,615,595,598,605,606,633,619,609,598,602,601,599,603,603,595,596,594,591,601,618,625,616,619,622,606,616,623,626,619,596,578,569,572,567,549,541,544,532,524,522
거제시,0세,3170,3163,3198,3223,3251,3273,3305,3345,3328,3334,3332,3310,3332,3320,3313,3340,3392,3375,3380,3427,3380,3423,3478,3542,3490,3605,3514,3484,3470,3438,3380,3337,3282,3265,3255,3255,3186,3165,3147,3148,3171,3197,3226,3250,3255,3275,3244,3306,3306,3315,3411,3417,3440,3469,3477,3451,3422,3473,3477,3526,3457,3426,3384,3330,3324,3344,3269,3319,3267,3189,3153,3142,3074,3039,2960,2905,2841,2788,2753,2695,2644,2606,2581,2553,2468,2414,2377,2328,2298,2254,2207,2159,2095,2063,2025,2006,1985,1951,1882,1847,1823,1787,1761,1708,1653,1621,1625,1623,1581,1539,1525,1517,1502,1475,1464,1459,1487,1433,1413,1403,1387,1357,1346,1321,1305,1291,1274,1285,1244,1215,1203,1165,1113,1097,1059,1054,1031,997,968,959,958
거제시,1세,3190,3217,3214,3228,3244,3261,3217,3234,3233,3294,3316,3322,3323,3305,3342,3388,3407,3443,3500,3499,3524,3535,3512,3486,3507,3548,3555,3566,3593,3594,3602,3622,3626,3625,3657,3692,3708,3721,3674,3654,3616,3577,3551,3495,3477,3453,3425,3373,3353,3358,3353,3368,3395,3461,3441,3505,3502,3491,3497,3532,3548,3578,3631,3661,3665,3645,3658,3587,3587,3637,3599,3600,3553,3496,3458,3410,3401,3394,3351,3362,3326,3241,3191,3146,3112,3071,2997,2928,2859,2819,2777,2726,2682,2650,2610,2556,2489,2453,2421,2391,2345,2287,2262,2207,2160,2127,2078,2049,2040,2020,1966,1932,1890,1884,1847,1798,1737,1730,1723,1701,1643,1608,1596,1580,1559,1525,1515,1505,1515,1477,1454,1446,1429,1402,1380,1359,1342,1325,1298,1294,1258
거제시,2세,3097,3067,3079,3063,3023,3014,3027,3039,3062,3060,3073,3101,3112,3139,3140,3159,3195,3226,3187,3205,3226,3308,3345,3356,3345,3340,3380,3425,3448,3492,3545,3529,3534,3531,3526,3503,3507,3527,3545,3557,3589,3579,3589,3600,3620,3637,3662,3683,3703,3716,3671,3662,3648,3625,3601,3561,3567,3529,3516,3454,3434,3419,3419,3438,3441,3471,3454,3505,3477,3433,3466,3490,3484,3511,3567,3587,3567,3537,3550,3467,3469,3533,3518,3543,3495,3416,3373,3317,3284,3278,3237,3258,3223,3140,3091,3037,3007,2948,2886,2819,2779,2745,2707,2665,2615,2584,2536,2490,2426,2402,2377,2356,2314,2259,2238,2191,2140,2102,2054,2021,2002,1979,1915,1882,1836,1836,1804,1756,1716,1701,1693,1675,1630,1607,1594,1576,1543,1512,1494,1487,1487
거제시,3세,3172,3209,3212,3235,3250,3221,3238,3179,3114,3080,3019,3045,3046,3015,3049,3045,3015,3013,3014,3024,3040,3032,3030,3063,3081,3125,3114,3142,3175,3183,3166,3209,3218,3283,3323,3348,3355,3356,3412,3438,3448,3485,3534,3524,3533,3541,3529,3506,3502,3545,3576,3598,3648,3628,3642,3655,3663,3679,3706,3719,3737,3746,3689,3677,3660,3623,3593,3548,3532,3500,3459,3396,3381,3344,3353,3355,3369,3394,3361,3388,3361,3331,3361,3381,3373,3387,3431,3449,3436,3424,3445,3395,3403,3452,3413,3424,3371,3298,3261,3206,3197,3190,3155,3165,3123,3059,3013,2957,2937,2858,2810,2755,2711,2681,2638,2602,2555,2531,2496,2454,2379,2353,2328,2302,2254,2193,2163,2115,2059,2015,1977,1960,1950,1922,1854,1824,1795,1791,1777,1726,1678
거제시,4세,2781,2754,2745,2763,2747,2769,2789,2888,3001,3069,3124,3134,3166,3174,3182,3195,3213,3187,3207,3155,3092,3061,3026,3048,3053,3022,3060,3044,3006,3011,3007,3004,3024,3022,3033,3077,3091,3123,3112,3135,3173,3190,3184,3226,3249,3317,3348,3360,3365,3353,3391,3442,3473,3528,3580,3570,3585,3581,3585,3570,3578,3625,3631,3626,3655,3644,3657,3643,3619,3631,3650,3671,3668,3656,3594,3573,3571,3530,3514,3469,3454,3407,3350,3285,3262,3234,3226,3225,3241,3264,3240,3268,3255,3239,3262,3275,3276,3295,3336,3360,3341,3313,3347,3293,3312,3339,3311,3344,3292,3252,3218,3161,3153,3148,3095,3118,3082,3006,2960,2890,2861,2791,2730,2670,2627,2606,2572,2538,2489,2469,2433,2386,2321,2291,2291,2253,2207,2143,2121,2074,2028
거제시,5세,2590,2606,2619,2612,2647,2693,2708,2697,2690,2691,2712,2691,2728,2718,2710,2735,2711,2739,2764,2867,2981,3055,3086,3094,3115,3155,3158,3177,3204,3178,3186,3147,3079,3037,3009,3036,3035,3003,3051,3041,3012,3014,3015,3006,3028,3034,3041,3080,3094,3151,3143,3163,3200,3221,3216,3265,3290,3350,3382,3387,3402,3370,3418,3469,3490,3535,3591,3578,3589,3575,3565,3534,3529,3534,3543,3542,3562,3552,3549,3549,3532,3561,3570,3586,3583,3577,3502,3483,3464,3424,3420,3373,3363,3306,3260,3200,3185,3161,3158,3151,3163,3194,3162,3193,3189,3185,3206,3210,3214,3237,3265,3292,3275,3249,3279,3210,3226,3275,3257,3278,3241,3166,3145,3093,3090,3075,3018,3025,2975,2913,2872,2816,2788,2742,2668,2623,2579,2565,2534,2493,2440
양산시,0세,2664,2701,2757,2820,2888,2934,2951,2948,2939,2864,2877,2883,2880,2888,2858,2833,2837,2845,2860,2863,2834,2863,2879,2875,2816,2799,2775,2749,2724,2722,2706,2675,2642,2644,2606,2680,2650,2732,2759,2769,2808,2859,2897,2872,2877,2908,2942,2963,2914,2907,2952,2973,2971,2966,2949,2986,3014,3002,3036,3054,2953,3011,2954,2919,2933,2935,2899,2954,2946,2937,2918,2964,2955,2923,2922,2928,2987,3003,2995,3022,3050,3070,3077,3087,3067,3091,3081,3042,3035,3063,3057,3045,2976,2952,3015,3006,2947,2933,2849,2842,2772,2701,2651,2634,2604,2603,2588,2615,2511,2467,2527,2454,2416,2434,2419,2420,2403,2356,2289,2274,2243,2204,2172,2164,2136,2113,2081,2051,2039,2027,2035,2032,1948,1929,1901,1856,1853,1828,1815,1776,1772
양산시,1세,2690,2717,2707,2724,2726,2722,2754,2799,2817,2885,2899,2943,2955,2940,3003,3059,3105,3157,3156,3146,3117,3078,3074,3054,3065,3090,3060,3052,3056,3117,3160,3167,3193,3221,3230,3209,3196,3153,3141,3127,3125,3092,3077,3043,3034,3023,2983,3042,3073,3107,3136,3144,3149,3184,3176,3148,3168,3215,3226,3209,3216,3187,3257,3294,3349,3352,3387,3392,3416,3407,3447,3454,3441,3489,3463,3442,3474,3505,3521,3590,3605,3599,3579,3576,3575,3530,3546,3539,3534,3509,3466,3441,3407,3408,3347,3337,3366,3388,3359,3276,3249,3235,3209,3169,3105,3075,3086,3066,3058,3033,2955,2942,2880,2805,2758,2728,2697,2696,2676,2666,2615,2600,2589,2552,2524,2525,2527,2503,2508,2463,2414,2402,2363,2305,2250,2223,2212,2189,2139,2118,2087
양산시,2세,2927,2928,2927,2885,2904,2912,2847,2850,2838,2795,2762,2756,2765,2787,2798,2797,2786,2789,2805,2831,2859,2907,2954,3003,3010,3012,3060,3099,3129,3210,3226,3233,3223,3208,3210,3216,3253,3305,3292,3306,3353,3390,3405,3430,3434,3448,3479,3466,3458,3426,3408,3360,3321,3269,3232,3172,3181,3187,3124,3185,3204,3224,3238,3263,3279,3348,3366,3362,3395,3449,3481,3532,3580,3578,3664,3693,3716,3734,3807,3830,3886,3858,3940,3913,3880,3911,3898,3887,3889,3868,3866,3900,3864,3838,3806,3775,3720,3646,3628,3604,3591,3554,3499,3473,3427,3411,3360,3350,3360,3354,3338,3262,3236,3233,3221,3170,3115,3074,3078,3056,3022,2987,2927,2930,2871,2803,2754,2718,2704,2689,2680,2677,2621,2598,2602,2566,2526,2532,2538,2524,2523
양산시,3세,3186,3171,3169,3200,3141,3133,3134,3067,3044,3029,3030,2996,2976,2964,2966,2935,2952,2954,2892,2886,2843,2804,2772,2767,2771,2787,2801,2809,2806,2857,2899,2952,2994,3041,3100,3179,3196,3215,3254,3321,3370,3411,3447,3464,3462,3418,3428,3438,3445,3497,3490,3478,3487,3500,3515,3540,3557,3593,3601,3554,3549,3481,3452,3428,3443,3413,3379,3341,3348,3373,3326,3398,3433,3484,3509,3561,3617,3713,3763,3784,3836,3890,3919,3954,3980,3960,4009,4014,4007,4005,4019,4001,4032,3990,4045,4012,4001,4022,3997,3963,3958,3912,3880,3886,3856,3808,3790,3749,3679,3602,3610,3586,3563,3533,3477,3438,3383,3366,3316,3289,3313,3326,3290,3226,3201,3217,3212,3161,3088,3053,3070,3053,3009,2952,2894,2880,2831,2772,2706,2678,2669
양산시,4세,2847,2829,2839,2843,2875,2897,2963,3025,3102,3101,3121,3179,3203,3188,3139,3171,3130,3135,3125,3072,3058,3053,3044,3000,2963,2960,2973,2938,2941,2988,2956,2950,2919,2882,2868,2880,2903,2940,2959,2986,3014,3030,3044,3102,3149,3185,3271,3339,3365,3393,3436,3485,3505,3518,3552,3544,3546,3530,3523,3514,3533,3595,3567,3567,3577,3611,3622,3681,3682,3719,3731,3723,3737,3712,3692,3653,3674,3679,3682,3683,3712,3757,3704,3754,3771,3800,3831,3882,3913,3961,3981,3957,3961,3997,4000,4007,4013,3983,4021,4020,3991,3991,4014,3988,3993,3945,4000,3990,3987,4009,3972,3932,3931,3889,3856,3871,3831,3767,3735,3674,3603,3548,3553,3541,3525,3481,3442,3417,3386,3374,3297,3265,3283,3297,3264,3201,3171,3177,3166,3114,3038
양산시,5세,2706,2744,2756,2753,2757,2762,2765,2775,2746,2800,2815,2790,2834,2821,2855,2846,2886,2891,2945,3028,3096,3110,3132,3189,3197,3190,3141,3159,3129,3170,3179,3146,3143,3130,3131,3109,3099,3096,3090,3060,3087,3120,3105,3092,3071,3037,3020,3026,3053,3077,3108,3133,3143,3141,3140,3178,3223,3275,3356,3404,3432,3470,3503,3566,3611,3628,3673,3696,3686,3644,3663,3674,3711,3777,3779,3793,3828,3854,3891,3975,4006,4049,4058,4013,4020,3995,3957,3922,3920,3911,3886,3832,3841,3855,3791,3828,3816,3815,3828,3861,3891,3921,3938,3890,3909,3948,3952,3942,3955,3932,3995,4004,3979,3981,3992,3983,4000,3945,3985,3967,3936,3967,3929,3888,3887,3853,3826,3841,3800,3739,3721,3692,3627,3560,3552,3535,3517,3480,3435,3421,3384
의령군,0세,201,207,206,208,215,215,220,209,199,194,189,192,177,187,180,182,184,181,192,212,213,217,212,214,202,193,185,194,191,181,172,161,160,152,147,149,148,150,144,143,141,149,151,153,148,171,176,181,175,173,167,164,172,170,169,163,154,147,146,140,130,129,123,123,124,122,125,131,128,123,120,118,114,118,116,118,114,111,112,121,117,120,119,119,109,114,110,110,114,118,112,112,105,107,110,104,109,105,105,104,98,91,89,90,90,86,85,84,87,94,91,91,90,94,87,82,83,84,81,83,82,76,72,73,73,78,80,77,77,73,73,69,68,73,67,71,71,62,59,62,65
의령군,1세,209,191,204,192,178,180,166,175,177,189,196,199,202,197,201,195,199,197,202,196,191,185,183,187,177,182,178,179,175,180,190,203,198,209,205,195,192,181,184,183,183,178,166,155,161,146,140,143,146,146,136,132,131,136,143,141,142,153,153,157,156,161,154,154,151,157,152,147,140,142,142,135,129,124,124,117,124,120,120,121,122,118,115,113,117,114,112,115,108,102,108,101,101,107,108,115,107,113,109,106,112,114,111,105,104,108,107,101,103,97,100,99,94,89,84,89,85,79,80,79,83,94,94,90,90,91,86,83,85,86,81,84,83,73,75,71,73,79,81,77,77
의령군,2세,197,193,189,196,205,202,212,212,216,203,199,206,206,188,194,190,176,182,167,174,178,187,190,193,192,192,196,197,200,192,196,194,188,181,179,177,174,172,168,170,169,175,178,189,180,193,191,186,187,182,184,184,181,174,160,150,156,138,132,133,133,130,128,120,122,125,130,131,134,139,138,144,141,142,137,143,146,152,144,142,137,136,135,131,126,127,124,117,118,116,114,118,117,111,111,108,106,105,105,105,97,92,97,96,95,99,105,111,107,107,104,100,105,107,104,99,99,107,104,99,99,93,93,95,92,85,82,86,81,76,75,74,76,89,92,91,95,93,89,86,86
의령군,3세,194,202,199,200,199,195,198,196,186,186,178,183,175,174,171,177,187,185,196,198,203,190,185,201,206,195,195,188,173,180,162,165,171,180,184,180,185,187,190,187,189,180,187,183,179,169,167,164,159,160,159,163,161,161,166,172,169,182,182,177,175,168,169,173,171,168,152,144,150,135,133,132,131,130,130,126,127,128,133,132,133,137,141,143,137,137,130,137,138,141,138,134,133,132,133,130,123,123,126,119,119,120,121,122,119,115,109,102,101,97,95,95,94,87,92,91,93,97,101,106,101,101,105,102,104,106,102,100,99,101,99,92,92,87,87,89,86,81,76,82,77
의령군,4세,140,136,153,148,155,159,156,162,166,170,180,180,183,193,193,198,195,198,203,200,184,180,174,184,176,169,165,172,180,179,189,189,197,185,186,193,198,185,187,184,172,175,160,161,163,167,170,167,167,171,172,173,176,167,175,175,169,162,159,156,151,158,153,150,147,144,154,165,160,172,174,171,168,161,164,167,164,165,153,147,150,136,131,131,133,131,133,129,129,129,134,129,130,132,131,134,126,128,120,126,132,136,131,133,132,128,124,124,120,121,123,115,118,120,117,117,113,109,105,96,94,96,93,93,88,80,87,86,90,94,99,106,103,101,102,101,104,105,101,94,95
의령군,5세,139,136,129,129,128,131,135,132,142,144,135,138,140,137,145,143,145,145,143,152,160,168,178,180,180,188,190,193,190,189,191,188,176,177,172,169,159,156,153,157,168,166,173,176,185,176,176,182,191,178,176,172,159,165,153,151,149,156,155,153,159,161,166,163,166,161,169,162,160,152,151,147,142,146,138,137,135,134,144,151,148,160,161,160,155,148,153,156,157,157,144,142,147,135,134,134,136,130,130,123,120,118,119,113,113,118,120,126,124,128,119,123,127,130,125,127,126,121,119,118,116,111,111,107,112,113,116,112,106,106,101,95,94,94,97,99,92,86,93,95,98
함안군,0세,600,592,576,578,588,577,560,559,563,555,540,536,538,532,509,513,508,517,511,505,512,524,519,519,513,521,517,503,518,515,517,511,511,507,506,506,507,513,500,504,502,495,496,497,497,494,483,484,461,455,459,451,465,480,474,472,473,486,487,500,500,508,506,501,496,498,496,485,478,479,468,457,434,426,396,388,385,377,372,390,368,364,376,374,361,370,373,374,353,347,331,314,304,302,294,293,294,269,264,268,274,268,268,275,280,297,288,290,283,282,266,254,244,247,234,216,206,193,192,195,195,190,197,199,196,180,180,182,179,171,170,162,154,152,150,161,155,161,158,154,153
함안군,1세,643,638,648,642,641,636,631,636,607,602,607,609,610,616,599,613,622,604,609,609,610,604,589,580,583,558,550,561,549,553,547,551,553,557,558,558,554,551,546,511,512,521,539,548,547,548,557,549,558,574,560,564,561,563,566,554,549,542,528,527,520,510,506,506,509,510,500,512,518,518,518,521,518,519,525,514,517,513,515,502,495,478,470,460,442,422,398,385,391,381,380,388,374,369,365,360,350,374,376,366,356,353,341,329,315,309,314,318,306,290,296,296,283,273,274,275,290,298,282,278,277,270,254,243,236,242,231,220,203,193,196,198,199,200,199,198,202,187,190,190,191
함안군,2세,674,662,657,640,644,639,641,631,634,638,635,622,616,610,624,624,621,621,614,600,572,577,598,603,610,626,617,637,638,620,627,628,630,620,601,597,582,571,571,575,567,568,569,572,582,592,591,592,602,590,585,566,577,593,596,590,580,583,578,568,569,584,565,566,547,540,541,533,534,520,520,531,530,522,526,519,521,517,498,499,499,510,514,512,521,510,512,515,517,504,504,498,481,465,451,430,416,401,377,363,367,359,357,359,354,352,354,349,336,351,358,351,344,343,340,332,324,319,308,310,301,285,288,286,277,266,262,264,280,280,270,269,271,267,252,242,239,243,232,225,210
함안군,3세,661,678,684,702,683,693,691,679,690,670,669,671,666,657,655,636,632,636,642,641,648,648,645,630,620,621,630,619,621,616,613,600,580,580,596,598,607,619,620,641,637,626,636,642,644,641,619,615,615,602,594,598,609,620,628,628,630,628,621,613,619,611,618,596,596,602,593,576,564,570,562,552,554,570,548,551,535,530,527,529,538,522,515,520,503,496,503,499,503,503,484,485,486,498,499,499,506,496,495,494,495,486,482,471,456,442,427,410,394,383,361,353,357,348,349,350,340,336,338,334,320,334,337,327,322,324,327,321,316,313,309,306,300,282,283,290,282,268,264,264,278
함안군,4세,649,627,617,616,628,629,619,655,659,671,660,656,639,662,661,676,660,669,675,663,679,662,668,672,669,668,656,636,631,638,643,635,635,646,641,628,616,613,609,605,599,596,602,596,579,591,613,620,627,639,634,656,670,660,673,677,675,659,625,624,617,604,593,602,597,604,602,609,619,619,624,623,624,612,619,594,590,595,592,574,557,558,556,552,558,567,544,540,522,513,516,512,523,505,496,498,490,478,484,475,479,478,467,477,478,479,486,486,485,475,473,470,468,467,468,458,440,425,408,387,368,357,339,335,338,332,335,336,323,317,320,316,304,319,326,317,314,318,324,319,313
함안군,5세,581,586,599,591,589,588,589,588,589,583,597,604,622,608,599,600,614,622,610,636,627,644,632,637,628,651,661,672,660,666,664,654,676,656,661,668,668,665,662,637,635,643,652,659,667,663,664,652,646,635,641,635,639,647,647,632,617,634,660,657,654,654,653,659,666,650,658,661,657,639,611,605,604,595,587,594,590,594,592,600,602,597,605,609,610,593,602,585,591,592,586,571,558,557,550,542,535,545,529,532,511,496,494,485,496,484,472,478,472,471,479,468,468,464,445,455,455,466,470,470,465,452,451,453,451,446,442,430,417,407,398,379,367,356,334,328,332,327,330,331,319
창녕군,0세,321,323,329,330,347,367,371,384,387,372,376,381,374,370,375,378,371,360,352,341,341,350,354,380,374,372,372,367,374,383,377,375,367,369,359,373,378,380,394,386,370,374,375,378,369,358,358,354,340,328,330,329,333,317,312,302,312,325,334,342,342,353,345,351,365,362,379,377,370,366,365,345,342,340,347,340,343,331,337,349,346,344,354,343,350,354,357,363,359,344,344,325,310,310,310,309,295,288,282,293,301,295,290,300,305,300,290,301,296,295,275,269,262,249,242,241,228,235,226,217,206,199,195,193,196,202,204,204,182,185,191,192,189,185,182,178,169,160,151,149,143
창녕군,1세,330,321,317,310,313,309,320,329,338,358,372,384,374,379,392,396,409,414,417,422,422,425,409,400,407,409,403,417,414,401,397,397,401,393,398,403,397,389,393,383,395,394,390,382,388,391,378,377,394,396,404,402,378,382,384,385,377,367,368,369,347,333,327,323,318,321,318,323,332,342,356,365,369,360,358,370,375,383,391,386,378,371,357,349,353,359,362,355,350,334,336,345,336,332,330,337,339,337,342,344,345,344,346,333,329,328,326,313,296,280,278,288,285,275,269,271,278,271,261,263,262,262,251,240,239,234,225,217,218,207,195,189,187,181,177,179,179,182,188,186,177
창녕군,2세,355,362,361,364,369,369,364,362,353,359,354,345,352,336,335,330,331,336,345,355,357,377,387,398,401,405,402,408,422,427,434,432,435,435,426,417,419,426,415,419,419,407,400,401,401,393,396,400,394,393,396,387,392,394,390,384,392,397,386,386,408,404,405,400,381,393,392,387,380,370,373,374,354,342,353,347,340,341,329,325,343,356,376,380,373,370,369,373,374,386,389,384,379,364,363,358,360,357,351,339,339,319,318,331,323,322,315,320,330,331,330,330,324,319,316,295,289,281,276,269,268,252,247,256,256,245,242,241,244,244,240,240,238,241,234,218,225,217,207,198,205
창녕군,3세,373,368,376,374,373,385,393,373,376,354,358,369,366,374,382,390,395,391,385,382,379,382,374,359,362,348,349,344,348,348,352,367,365,381,388,405,400,405,405,414,429,434,437,440,441,434,425,416,415,421,416,421,410,397,393,394,394,384,394,398,394,389,383,379,389,392,396,393,399,400,385,387,403,408,414,406,395,409,401,392,384,375,379,370,359,356,362,356,350,346,336,338,350,360,365,374,367,360,358,356,357,375,379,370,365,359,359,349,344,346,344,335,338,321,320,331,313,310,305,299,300,302,298,301,297,297,291,276,274,272,267,258,257,246,242,246,244,235,238,241,243
창녕군,4세,339,343,327,326,333,342,356,371,375,393,396,404,407,399,401,389,387,400,397,379,381,372,371,378,378,387,404,415,420,410,410,401,397,408,398,380,383,358,356,353,351,355,365,373,374,391,400,406,402,403,399,403,417,424,430,433,434,430,426,414,418,422,422,422,416,409,404,409,411,408,406,407,407,406,399,394,404,404,407,400,402,404,392,402,413,428,424,418,403,418,409,394,389,380,380,371,357,351,357,353,348,337,332,331,337,348,355,364,364,356,356,358,354,372,368,361,361,352,343,335,329,328,317,311,313,298,301,306,290,287,290,289,291,286,283,283,277,272,269,253,259
창녕군,5세,321,327,337,347,336,334,333,341,346,341,351,357,353,364,353,356,366,363,376,389,394,405,415,422,422,408,412,402,398,412,414,399,402,388,385,392,392,397,408,415,421,408,401,402,395,402,389,372,375,352,356,360,357,362,365,370,372,385,387,396,392,400,391,397,418,419,421,426,422,426,425,413,420,427,430,429,422,413,406,411,418,411,418,424,420,405,404,403,405,401,403,400,398,401,392,396,410,418,415,405,395,403,392,383,379,375,373,366,355,350,348,346,336,323,316,318,321,329,336,341,341,339,342,343,345,358,350,346,347,337,327,314,308,311,302,294,292,280,277,289,276
고성군,0세,430,428,421,421,439,455,454,462,471,451,436,437,419,413,404,407,388,379,396,392,390,419,431,441,447,447,440,443,439,427,409,399,389,370,352,343,345,346,354,346,342,350,355,350,331,340,340,338,328,322,315,326,313,308,306,310,316,310,316,303,293,291,298,287,288,281,282,267,276,270,275,274,275,266,257,237,241,242,240,238,221,214,217,216,217,205,198,202,196,204,201,205,207,197,193,191,187,194,173,176,172,168,168,156,148,146,147,149,149,142,152,151,143,150,144,143,144,148,137,132,119,117,116,112,109,112,118,118,122,113,117,116,114,110,107,108,102,102,100,95,90
고성군,1세,407,408,400,414,425,431,424,424,425,435,454,449,458,460,468,469,482,493,489,487,487,461,435,431,415,421,414,406,393,391,404,408,412,426,428,435,436,436,436,431,435,422,405,406,400,386,369,364,365,360,365,359,354,353,367,361,350,347,341,336,339,346,338,343,335,340,329,336,327,326,337,320,306,302,303,300,291,289,287,270,282,275,262,258,263,263,244,231,225,223,217,213,204,199,206,205,207,197,199,199,191,193,193,200,200,193,183,183,180,188,177,172,173,163,165,151,150,147,144,140,147,139,143,144,138,138,137,137,136,140,129,126,119,118,115,111,112,112,118,125,125
고성군,2세,443,428,425,412,416,410,412,410,410,405,399,413,405,404,394,411,417,425,428,432,420,424,445,440,450,453,467,470,475,481,468,465,464,447,422,415,401,394,386,381,372,375,387,391,393,408,412,427,423,426,424,428,432,416,400,402,393,385,372,357,354,345,347,340,348,342,356,353,350,351,341,343,336,341,346,353,341,338,331,341,323,328,329,313,297,288,290,293,289,283,278,257,266,250,239,242,246,249,236,228,223,219,210,209,196,193,200,203,203,187,192,192,183,183,180,186,183,184,179,178,174,181,172,165,162,158,157,148,147,140,136,135,139,133,141,142,135,139,132,131,132
고성군,3세,388,395,403,413,421,431,425,425,422,426,434,425,430,427,432,411,415,412,414,404,409,396,391,400,397,385,374,395,395,405,415,417,418,426,444,435,439,448,450,451,452,455,439,440,442,426,406,395,386,383,374,370,359,365,379,379,389,399,402,417,419,421,423,427,428,411,389,388,378,370,362,351,351,346,344,338,350,341,351,347,349,344,338,338,333,338,333,334,325,323,316,330,315,316,320,308,293,282,283,289,282,279,271,257,262,250,238,237,246,245,231,216,211,209,202,199,190,181,187,190,187,176,185,186,183,184,179,184,187,182,178,177,167,175,168,163,161,153,155,146,146
고성군,4세,372,362,370,368,369,369,378,379,383,392,391,398,405,412,408,418,420,429,429,426,420,423,432,420,430,434,437,419,420,406,402,395,396,381,372,382,379,375,368,387,392,405,414,415,414,421,438,424,428,432,434,432,440,444,427,434,434,427,414,400,399,392,381,372,360,365,379,377,386,394,403,427,424,432,427,419,411,404,384,376,375,361,347,338,340,337,344,334,346,338,349,346,346,338,333,332,329,330,325,325,319,310,307,317,309,314,314,301,284,274,283,284,282,276,266,253,258,246,233,230,238,239,226,211,211,207,202,201,186,178,184,183,186,175,180,184,180,183,180,184,183
고성군,5세,341,348,346,360,368,368,364,362,364,369,382,387,384,386,389,391,390,386,393,389,389,396,390,399,400,402,411,425,425,436,435,424,417,420,424,412,420,421,420,395,397,384,380,378,378,375,363,377,381,372,371,394,399,408,416,418,411,413,425,423,426,430,429,425,431,435,423,423,422,409,398,389,392,383,367,364,358,360,374,379,379,390,391,412,404,414,408,403,393,387,368,360,360,348,340,329,331,330,340,327,337,335,347,344,345,335,327,325,325,323,312,315,306,303,300,307,303,308,310,302,288,276,280,277,271,267,255,240,251,242,231,227,234,236,221,205,207,207,199,199,188
남해군,0세,218,217,221,216,216,221,214,219,216,206,205,218,209,202,205,194,182,177,166,171,169,168,167,172,168,170,158,171,166,166,172,166,163,157,150,143,147,154,152,160,166,170,176,176,184,188,191,184,178,178,181,181,175,168,175,174,167,171,168,167,163,159,155,148,145,135,132,137,134,133,135,132,123,124,124,131,134,140,139,143,139,133,131,127,124,119,114,101,105,95,95,91,96,93,92,101,105,103,110,108,113,115,113,109,109,113,112,113,108,104,109,109,98,102,100,103,102,100,100,103,95,97,98,95,96,88,85,86,84,86,80,87,91,93,93,95,95,99,94,97,95
남해군,1세,223,223,219,230,234,228,227,227,242,247,256,250,233,217,221,219,228,227,221,225,210,203,202,201,202,199,204,197,185,174,175,184,182,185,179,185,185,181,187,183,176,176,180,173,161,154,152,152,153,159,155,158,168,170,178,177,193,194,190,182,182,180,188,181,169,176,170,163,159,165,167,167,167,168,158,157,155,148,148,149,148,145,146,142,140,137,137,142,144,143,145,148,135,134,130,124,127,123,113,113,113,108,106,104,105,101,103,110,113,114,117,115,120,121,115,110,114,114,116,113,112,106,109,107,102,107,116,111,110,110,114,113,106,111,105,102,98,88,91,88,89
남해군,2세,248,241,231,233,217,220,230,239,235,234,222,240,224,216,212,226,233,226,220,216,232,235,240,225,218,212,222,215,224,223,220,223,213,203,201,203,205,201,202,198,192,182,180,183,186,186,182,190,195,195,199,197,190,187,183,174,164,156,152,156,157,161,161,165,172,173,176,176,187,185,185,184,180,178,188,181,174,184,176,174,171,171,167,164,164,164,152,153,150,145,147,148,148,149,146,139,139,136,133,137,140,138,139,147,133,133,131,128,127,129,124,119,119,113,109,109,107,99,104,108,108,109,114,114,121,124,116,113,119,120,119,114,113,110,113,111,106,111,116,113,109
남해군,3세,280,284,297,282,284,291,285,280,276,254,252,258,255,242,232,234,223,231,236,237,230,229,214,225,221,216,213,224,236,232,231,223,230,236,244,230,220,220,233,230,235,231,218,225,213,210,206,207,210,208,208,199,195,189,192,193,190,188,185,194,195,191,189,185,176,175,175,169,162,157,151,151,152,161,160,166,175,175,179,182,191,191,190,185,184,179,187,181,174,186,182,179,174,169,170,173,172,168,160,159,155,147,147,146,149,150,145,140,140,135,136,138,143,142,139,144,130,134,130,129,132,135,125,122,125,116,114,114,111,104,108,113,114,117,120,122,130,129,125,123,126
남해군,4세,230,237,228,234,236,229,232,244,246,263,267,278,278,279,287,280,283,279,275,263,262,247,246,243,245,243,232,238,226,233,234,235,232,230,216,227,219,215,215,221,228,225,231,222,227,235,247,233,226,231,245,240,242,239,230,232,223,211,209,206,206,205,207,202,200,191,188,189,186,193,188,196,198,191,188,187,183,179,179,176,166,157,151,152,155,159,159,161,169,167,167,172,188,192,196,188,192,185,188,186,179,192,188,184,178,181,178,177,171,172,159,161,156,147,148,145,153,153,158,153,150,149,144,145,146,146,146,152,136,145,141,144,141,139,130,125,123,120,119,119,115
남해군,5세,235,222,222,226,227,237,235,252,251,242,240,244,238,239,231,234,237,235,238,245,242,263,265,265,271,273,284,271,275,278,273,264,257,245,241,242,242,241,229,229,221,226,225,222,222,221,209,217,217,212,209,222,229,226,231,224,236,243,251,238,232,230,242,235,238,237,229,229,222,217,218,215,216,214,215,209,203,197,195,200,202,205,204,205,204,199,198,196,186,183,182,176,164,154,147,154,156,165,166,168,171,169,175,180,192,193,199,195,198,191,193,188,180,191,187,182,177,176,175,179,175,169,167,169,161,156,161,158,167,163,168,157,156,154,149,151,155,154,155,156,142
하동군,0세,296,288,287,296,300,305,308,322,319,308,300,289,269,267,260,262,260,249,244,247,247,257,261,268,266,269,264,241,232,230,224,221,218,212,204,210,198,197,185,185,188,193,200,200,201,211,214,211,216,213,217,223,226,231,228,232,220,219,224,228,210,222,215,208,215,211,218,220,225,218,221,224,220,224,225,202,205,203,190,180,168,176,177,179,175,160,156,164,158,156,170,173,166,169,165,173,173,179,183,186,181,170,163,165,168,174,172,177,164,162,161,156,153,154,157,155,142,139,135,131,128,123,127,124,121,119,117,109,103,110,113,118,127,127,121,117,117,111,115,114,107
하동군,1세,282,288,290,312,316,302,316,336,346,349,342,337,341,307,307,310,306,307,310,309,302,286,284,276,262,262,259,260,260,255,249,248,241,259,264,274,275,273,272,259,254,247,239,227,227,206,204,205,193,197,195,197,203,207,212,219,223,236,223,228,236,228,232,248,243,245,241,238,232,227,233,232,220,219,212,209,211,210,215,217,220,201,204,203,202,205,211,200,204,204,191,191,186,184,178,173,163,154,146,153,155,160,168,166,171,174,177,176,180,184,184,181,178,170,165,162,171,171,165,170,161,156,154,151,147,145,150,152,135,133,129,122,117,118,120,120,116,118,114,105,107
하동군,2세,295,290,299,298,299,316,316,320,318,309,312,310,298,291,283,290,292,289,300,297,300,306,299,295,302,297,301,309,307,314,320,319,313,291,285,276,265,266,262,256,254,246,247,247,244,269,273,271,270,266,261,250,251,247,241,230,228,205,205,213,202,204,199,198,207,205,209,221,227,236,231,242,249,239,248,262,249,251,251,247,230,228,226,227,220,219,202,192,197,199,197,196,204,193,197,199,196,199,207,195,200,197,187,183,174,171,160,155,155,142,131,136,139,144,151,154,156,157,161,153,161,164,163,163,156,152,146,144,154,151,150,156,144,139,135,138,137,134,139,139,127
하동군,3세,336,320,299,303,300,288,294,309,328,323,316,322,305,289,290,289,283,294,286,282,278,280,273,273,274,274,272,280,273,271,280,283,285,293,292,296,309,304,310,315,311,314,321,318,307,282,275,263,259,263,270,259,253,248,249,246,241,265,266,265,264,266,263,250,245,240,229,220,221,205,203,204,192,198,194,185,194,198,201,211,220,230,227,237,248,240,252,267,247,248,247,246,228,221,224,223,209,212,201,191,189,188,185,185,197,186,192,194,186,192,201,189,187,184,175,169,164,161,150,147,144,138,131,133,137,139,146,153,150,147,144,141,147,148,148,146,138,138,132,135,141
하동군,4세,273,282,303,313,330,339,337,351,359,352,364,360,343,329,308,304,294,285,290,298,305,305,302,305,293,286,290,286,283,295,290,283,276,271,261,256,260,261,264,277,268,264,267,271,280,290,294,295,305,293,307,310,301,304,314,304,302,281,274,267,255,256,251,247,246,245,243,239,232,256,262,263,261,258,257,242,234,225,216,209,213,200,197,201,192,196,189,188,196,197,200,207,213,226,221,229,238,228,239,252,243,241,237,237,225,220,216,213,207,206,191,182,182,182,182,180,186,173,175,171,168,171,179,169,170,163,156,153,152,154,148,139,139,136,131,136,143,141,148,150,144
하동군,5세,299,298,290,288,293,286,288,292,308,319,308,303,291,295,297,300,315,323,317,313,304,308,318,326,329,317,301,301,296,288,292,296,303,297,298,301,289,289,288,284,284,288,282,273,266,257,253,249,253,254,257,269,269,268,272,273,285,297,301,305,313,304,305,305,298,301,303,305,299,271,260,252,238,240,236,238,243,241,243,236,234,251,259,259,252,248,247,234,222,219,211,203,207,196,196,197,187,189,180,180,194,192,195,202,211,221,214,227,235,222,225,238,232,228,229,226,211,209,205,200,198,197,184,173,174,177,176,176,179,167,172,172,166,168,175,167,167,163,154,148,148
산청군,0세,198,192,197,195,215,216,218,232,235,234,232,222,221,228,222,210,200,188,186,195,178,181,189,186,188,190,202,203,203,203,207,204,202,200,194,195,193,192,200,204,206,209,205,202,210,203,201,207,210,205,204,207,211,217,220,227,228,226,229,222,222,225,227,224,226,215,209,203,195,197,196,192,196,202,204,196,189,192,200,199,201,195,195,180,166,157,152,154,161,148,148,145,140,138,138,135,134,141,142,146,141,140,148,143,137,137,133,137,129,128,119,117,107,102,93,90,86,81,76,80,79,75,76,79,84,83,91,95,93,94,90,85,80,73,70,71,72,72,65,57,58
산청군,1세,175,180,184,188,187,206,201,193,194,202,199,207,209,204,205,214,225,222,233,233,239,233,226,216,224,219,211,205,200,203,198,202,192,196,202,204,206,205,200,200,198,195,203,205,206,209,202,197,203,206,206,212,210,215,212,203,203,199,194,198,195,197,196,197,204,212,212,214,217,218,219,214,214,219,226,226,225,213,205,197,185,183,182,184,192,196,193,189,186,185,181,187,192,184,183,174,159,150,149,151,153,143,142,139,136,128,131,125,132,131,137,134,132,136,141,140,138,135,132,131,128,127,118,113,99,96,84,82,82,81,79,84,81,83,81,86,89,88,99,103,98
산청군,2세,187,171,158,157,160,161,167,170,180,179,180,181,180,184,185,187,187,203,199,194,196,198,200,206,204,198,200,206,210,210,215,217,223,217,215,209,213,215,205,195,191,192,184,183,179,187,192,194,196,201,203,200,199,195,201,204,208,207,205,202,199,190,184,195,193,190,185,172,172,173,166,170,172,175,178,174,182,194,193,197,201,205,214,209,205,203,202,206,206,193,183,173,162,160,155,158,171,169,162,159,158,159,152,155,162,157,155,146,133,129,133,139,139,131,127,128,121,112,114,110,117,118,123,121,124,122,129,129,123,119,114,112,106,111,102,97,89,88,81,79,83
산청군,3세,244,244,246,252,254,247,236,231,216,203,195,185,181,170,163,161,168,167,175,174,179,180,177,177,181,188,192,195,190,206,201,196,196,202,207,218,209,202,200,200,204,203,204,209,212,206,204,193,192,194,185,180,178,180,178,183,168,175,188,194,195,197,194,192,191,183,184,190,191,184,189,187,177,169,167,173,173,167,164,150,153,161,155,164,162,162,170,168,176,183,180,179,181,186,193,185,178,170,164,167,169,162,163,157,142,141,140,137,149,152,147,136,135,135,134,133,142,136,133,130,115,113,114,118,116,106,106,106,103,96,100,99,105,100,102,101,109,114,120,121,122
산청군,4세,210,225,221,225,218,218,230,229,230,236,244,245,239,243,245,249,249,242,231,225,210,195,191,176,179,171,166,172,179,174,177,181,188,192,184,181,184,187,192,193,191,200,199,192,194,195,198,209,208,203,204,209,208,204,199,199,201,194,189,179,175,177,171,163,161,169,166,167,165,175,181,179,186,192,188,188,184,180,181,183,186,177,179,179,167,157,158,164,164,158,156,147,150,148,138,143,145,153,157,155,164,171,164,159,161,165,172,164,162,157,159,164,161,154,153,147,132,131,127,122,135,138,137,128,128,129,126,128,133,125,124,121,108,107,108,110,104,96,98,101,100
산청군,5세,200,194,199,192,194,191,194,198,200,204,203,204,208,216,208,208,209,210,220,222,225,238,242,241,238,232,240,242,243,244,231,224,210,195,194,189,193,190,181,180,185,175,175,175,187,189,180,175,169,175,178,181,178,190,194,190,189,191,193,206,203,196,199,199,199,189,189,189,188,178,176,169,165,166,163,154,153,166,165,168,161,177,181,182,185,190,187,183,179,175,174,175,176,166,172,170,158,151,149,150,148,143,138,130,132,133,125,130,131,140,144,141,148,158,151,150,151,161,169,162,158,149,149,153,150,141,144,141,121,120,118,114,126,127,124,119,124,126,124,125,130
함양군,0세,250,265,262,263,263,250,233,225,227,216,211,211,201,201,191,190,201,199,205,200,216,219,213,211,216,223,226,222,218,215,219,217,216,221,224,221,208,203,207,211,223,227,221,218,216,208,207,212,222,222,206,207,201,202,194,197,191,198,200,202,183,181,177,177,169,170,173,176,177,172,167,174,170,178,179,171,175,173,166,160,157,156,148,149,148,142,138,143,151,140,148,149,147,149,152,150,148,152,157,154,153,149,141,129,133,131,128,127,119,113,115,114,113,113,114,110,105,100,100,99,97,97,103,98,95,99,100,93,95,92,95,91,91,97,94,93,90,82,80,83,79
함양군,1세,268,250,256,265,270,277,274,285,285,280,286,271,264,277,275,269,261,254,236,237,228,222,219,215,208,203,190,193,203,200,204,204,214,222,221,220,226,234,238,234,229,224,231,228,228,234,235,235,220,217,224,223,236,238,229,224,224,210,215,220,228,220,212,211,206,201,197,204,207,211,205,201,186,181,184,183,176,173,178,174,173,174,173,174,179,185,178,178,183,187,174,169,167,163,156,159,154,145,146,150,152,147,156,161,151,149,151,147,158,162,159,154,154,150,139,137,139,137,132,131,124,119,117,119,116,117,116,118,111,106,105,104,102,101,103,103,98,100,101,97,101
함양군,2세,280,294,291,278,274,267,265,262,259,262,263,276,285,260,267,270,272,276,275,280,277,279,281,266,259,275,275,271,264,258,241,239,235,223,218,210,205,203,190,196,205,206,214,215,225,235,231,233,242,243,240,234,229,225,236,237,239,242,242,243,228,221,228,223,232,235,224,223,227,212,217,218,229,222,213,212,201,197,196,201,204,207,203,194,185,177,182,178,170,163,168,162,163,169,169,171,176,183,175,170,175,178,166,161,159,159,154,156,149,145,147,155,153,149,157,162,153,153,152,148,153,155,153,148,149,144,132,129,136,134,130,128,122,120,117,116,117,119,120,119,114
함양군,3세,303,300,305,322,325,316,315,304,305,295,291,296,296,311,305,293,290,282,278,272,266,268,268,276,283,256,261,263,266,273,276,282,277,278,281,268,267,283,286,278,270,260,242,237,230,216,210,207,206,203,200,204,218,221,228,228,236,246,244,243,245,251,244,235,227,220,232,233,225,230,230,230,214,211,218,218,230,234,223,220,222,210,217,221,233,222,216,217,212,210,207,210,211,210,203,197,184,178,180,175,167,165,170,167,166,168,167,169,175,183,175,169,175,181,170,165,167,164,159,158,155,141,142,151,153,149,160,161,151,153,153,148,150,154,151,148,147,142,131,129,137
함양군,4세,298,295,296,288,288,296,296,300,303,309,305,300,300,301,313,328,327,322,323,307,308,297,294,300,297,308,300,290,285,282,282,275,269,268,266,270,273,253,260,262,263,270,274,284,286,284,288,277,276,289,286,278,270,261,242,239,230,218,212,214,216,210,204,211,221,221,225,231,239,248,235,238,238,241,235,229,224,217,229,226,223,227,226,221,209,211,220,219,233,233,223,219,221,213,224,228,235,223,213,211,202,200,193,201,203,204,199,194,184,181,182,179,173,167,170,169,165,170,168,174,179,188,182,175,175,183,171,161,162,158,156,159,153,145,146,159,162,158,168,171,153
함양군,5세,275,284,281,290,298,302,300,302,300,301,298,297,305,302,296,284,283,292,298,301,298,302,297,296,293,292,302,317,325,320,320,307,310,302,303,309,304,318,303,292,288,280,276,271,260,262,258,265,272,247,252,257,259,266,274,285,285,285,292,279,272,290,290,282,271,257,241,235,228,212,212,213,213,204,199,208,215,217,224,224,231,239,237,239,242,244,237,232,221,219,236,232,228,225,222,221,212,212,222,223,229,232,221,215,217,207,215,214,222,216,210,207,199,196,191,195,199,203,197,191,185,183,188,184,178,172,174,172,172,171,169,169,177,190,186,177,175,182,173,163,165
거창군,0세,412,406,396,395,395,402,409,413,409,414,428,422,427,431,433,427,421,422,429,417,412,409,408,403,386,399,380,383,380,380,380,387,380,376,388,390,392,382,390,392,397,377,371,381,367,371,369,373,372,363,364,356,361,351,349,337,331,329,331,320,312,329,316,320,330,331,344,348,352,345,350,341,335,327,326,311,311,290,297,301,284,277,280,282,279,282,282,293,286,288,292,290,285,277,266,264,262,244,240,244,246,251,243,246,232,240,236,229,232,230,236,226,216,213,216,226,232,232,238,239,239,219,215,205,202,207,198,193,198,192,190,190,193,193,196,199,190,188,193,189,189
거창군,1세,418,411,413,398,396,401,407,419,417,420,426,426,430,425,416,420,428,434,448,439,448,450,456,447,453,454,462,457,450,456,462,455,454,454,440,440,434,439,424,423,412,421,411,414,414,401,407,414,417,411,415,416,416,416,404,408,398,409,404,412,407,395,405,400,403,390,384,376,369,374,367,367,368,373,360,360,359,364,362,368,377,365,368,349,348,343,339,329,336,318,314,308,294,301,306,304,301,306,309,316,305,298,300,295,295,282,272,277,268,260,254,257,258,264,259,257,246,246,253,245,248,259,258,250,239,239,240,247,251,252,246,246,244,225,215,207,215,211,205,199,200
거창군,2세,448,451,456,475,470,470,462,459,460,453,437,429,431,430,430,412,415,410,407,418,402,409,420,422,431,430,421,430,437,436,448,446,459,459,468,453,460,458,473,467,459,466,476,472,473,472,459,455,447,448,436,432,413,419,417,422,425,421,426,426,435,433,437,432,434,434,428,428,414,422,418,421,411,410,423,411,409,400,392,374,370,372,362,366,371,381,368,369,366,368,377,393,401,386,391,369,363,354,352,345,350,332,331,327,314,319,318,314,308,308,306,316,309,300,300,294,297,281,272,276,268,266,268,272,275,279,275,274,267,272,278,268,268,276,276,265,252,251,248,257,256
거창군,3세,501,498,489,482,488,477,481,477,471,460,449,456,448,449,456,478,472,472,465,459,471,466,451,440,443,439,441,428,432,427,419,425,418,425,428,431,435,432,423,429,432,436,450,448,466,475,484,477,480,477,479,480,476,486,488,479,474,469,457,458,451,455,443,441,427,431,434,439,439,433,437,438,445,443,452,448,447,442,434,436,421,429,421,424,417,418,427,416,417,409,405,385,383,385,380,386,386,390,376,377,375,382,383,390,400,385,387,367,367,356,347,339,348,333,335,329,312,317,316,315,310,316,321,330,321,313,317,312,316,300,289,290,285,279,273,275,276,283,280,280,273
거창군,4세,430,442,462,469,465,478,481,481,491,501,513,506,511,509,500,495,501,491,494,491,484,467,457,468,453,458,464,476,474,474,472,470,477,470,462,458,461,462,464,446,447,446,437,444,436,442,444,437,443,439,436,443,449,450,468,468,485,491,508,500,501,503,501,502,497,503,503,495,494,491,473,465,458,463,450,444,437,439,434,436,439,434,439,437,446,451,456,455,457,460,454,460,450,454,444,449,439,439,449,437,427,416,412,388,387,391,387,392,394,394,383,382,372,374,372,380,388,374,379,368,368,364,361,353,356,339,341,338,322,320,324,323,318,321,323,334,326,320,319,316,321
거창군,5세,436,438,425,416,421,423,411,419,423,424,424,439,444,456,470,479,475,487,491,489,494,510,520,510,525,522,512,506,508,500,505,501,491,480,465,476,463,472,487,494,496,492,486,490,501,489,482,479,472,473,473,458,456,454,450,451,441,451,457,451,458,449,450,462,468,476,490,489,506,511,525,518,517,519,521,517,508,513,517,506,503,500,478,475,467,472,456,450,444,441,432,438,437,433,438,441,452,448,457,458,463,467,464,462,453,459,446,448,435,432,438,423,424,411,404,385,378,385,380,380,383,382,373,375,377,378,381,388,391,374,381,370,371,362,361,351,359,343,345,338,322
합천군,0세,235,246,245,246,262,256,264,278,286,280,272,277,270,259,263,255,254,261,250,236,226,231,233,238,242,241,236,235,232,234,231,241,243,236,229,227,212,212,221,216,206,204,211,193,199,206,198,205,193,184,182,179,182,183,187,182,165,168,171,170,169,168,170,169,159,154,151,158,157,153,162,171,160,147,143,143,144,144,138,133,126,126,117,117,120,118,108,108,107,105,111,109,109,118,123,131,129,129,133,135,127,120,131,137,137,135,129,133,126,125,126,124,131,124,109,103,107,100,103,106,102,98,97,101,100,99,87,88,90,94,92,87,90,91,84,81,83,84,91,102,93
합천군,1세,295,277,272,268,273,264,262,248,245,232,232,242,242,245,244,262,262,260,268,292,300,296,287,284,270,266,277,273,276,270,263,247,242,245,244,251,245,251,239,239,243,239,236,246,241,231,237,240,225,233,234,228,217,222,217,204,207,203,197,200,187,177,177,178,186,189,192,189,172,174,173,172,180,181,180,173,161,159,158,160,167,164,174,173,165,161,161,162,161,152,146,143,139,128,113,116,119,120,116,118,118,123,123,128,124,126,136,134,134,129,137,134,123,126,146,143,140,140,128,128,126,127,120,118,128,122,111,105,106,103,105,105,102,102,100,106,106,104,94,97,101
합천군,2세,286,285,277,274,267,281,280,278,282,293,283,272,273,263,265,258,255,244,240,229,225,216,222,228,227,231,229,245,255,258,271,286,287,279,274,275,262,244,259,257,261,257,248,237,236,241,236,249,248,251,236,235,232,230,233,241,240,237,238,235,221,226,226,219,205,205,199,185,191,188,180,179,174,167,167,171,186,188,190,186,168,173,176,172,178,171,168,163,155,158,155,162,171,172,179,179,168,167,163,163,162,150,144,142,135,124,109,113,120,121,118,116,112,114,116,120,120,124,130,129,125,123,133,129,117,117,135,136,133,136,130,128,127,127,124,121,128,127,116,110,114
합천군,3세,342,337,327,322,318,311,297,296,290,277,282,297,283,284,276,271,261,272,267,263,271,278,275,265,260,253,253,242,243,237,231,223,223,217,221,228,232,238,239,251,252,252,265,281,281,266,264,276,259,249,261,257,260,259,252,247,242,246,236,245,242,249,235,237,233,230,228,234,233,231,229,223,214,218,221,215,205,203,197,182,192,188,183,185,182,181,180,179,185,182,188,182,163,166,165,158,166,165,164,165,158,158,156,162,170,171,175,179,164,159,158,163,161,149,144,145,136,125,110,112,120,121,116,118,115,118,120,119,117,120,128,126,123,120,127,123,116,115,133,135,133
합천군,4세,250,251,264,280,282,284,292,303,305,315,310,311,327,321,316,315,314,307,296,294,288,279,276,286,274,281,271,265,257,266,264,262,265,269,262,258,248,239,234,229,233,231,226,221,221,221,224,230,232,236,234,244,248,243,251,265,269,255,257,262,251,235,247,247,253,254,250,248,242,244,231,240,240,238,226,226,221,221,224,230,233,233,234,227,218,222,223,213,208,209,199,187,196,193,187,187,182,178,179,174,182,182,185,174,154,158,155,150,157,152,151,150,145,149,148,153,163,159,169,171,159,157,154,156,157,143,136,137,128,121,112,113,118,114,114,116,112,114,118,114,112
합천군,5세,252,244,245,244,246,246,244,245,243,240,253,243,246,254,261,273,271,281,292,298,300,310,313,320,336,330,328,328,324,314,302,298,290,273,270,282,276,273,262,262,254,264,259,255,263,264,261,264,255,243,237,231,231,227,228,222,215,216,217,225,220,234,233,241,239,235,244,259,260,248,249,255,248,232,242,239,248,250,244,236,230,226,224,230,233,230,217,220,216,222,226,229,228,223,222,217,207,212,215,207,199,197,190,183,191,188,184,184,182,174,176,176,182,180,181,170,150,155,152,143,151,146,145,146,137,142,142,144,152,152,161,166,155,156,151,153,153,146,137,136,129
